unit_id,file_id,heading_path,part,start_line,end_line,line_count,scene,scene_requested,scene_document_prior,scene_routing_decision,scene_routing_policy_sha256,scene_routing_policy_revision,scene_routing_top_score,scene_routing_margin,voice_profile_id,voice_profile_revision,voice_profile_confidence,voice_profile_kind,voice_profile_source,voice_profile_binding_scene,voice_profile_sha256,voice_default_disclosure,mode,intensity,structural_plan_status,owner_chunk,chunk_binding_sha256,context_before_unit,context_after_unit,author_chars,protected_spans,status,hash_before,hash_after,diff_path,protected_hashes_ok,style_validation,notes
U-60d2ef59a4c1,F00001,(front-matter),1,1,64,64,RESEARCH,RESEARCH,,EXPLICIT,7f4919b7df6aee03bb93b0f9f20cfe5d7a5724e2297e404dcfa0980fe474cebb,5,0,0,scene-default-research,1,DEFAULT,DEFAULT,SCENE_DEFAULT,RESEARCH,18887ba292c25e48d8f9fc598e1a33fa721d1fa8795b3d78f9964af0773b39e0,True,REWRITE,BALANCED,NOT_RUN,U-60d2ef59a4c1,b34ece0788a5512237a9248a07e008fe9dfe5f8572cb9d2cb6b0befaddc81dda,,U-99abf63c5cd0,279,34,UNRESOLVED,8bb9fd46a32a1541377044ca5b016fe41b1245dfcf1b46635f8ecf5759e684bc,,,NOT_RUN,NOT_RUN,environment:TEX_MACRO_DEFINITION_UNSUPPORTED: TeX macro definitions cannot be authenticated statically
U-99abf63c5cd0,F00001,研究边界、证据与处理方法,1,65,72,8,RESEARCH,RESEARCH,,EXPLICIT,7f4919b7df6aee03bb93b0f9f20cfe5d7a5724e2297e404dcfa0980fe474cebb,5,0,0,scene-default-research,1,DEFAULT,DEFAULT,SCENE_DEFAULT,RESEARCH,18887ba292c25e48d8f9fc598e1a33fa721d1fa8795b3d78f9964af0773b39e0,True,REWRITE,BALANCED,NOT_RUN,U-99abf63c5cd0,47de24ce408f3b35961f8f2218dadc705bd08b25ba354cdaf54162ff70cb54a2,U-60d2ef59a4c1,U-2df268f6ceff,145,3,PENDING,0e43454995566747e856da123a4cb4b065a565a1cb91421843b2dc69379f9711,,,NOT_RUN,NOT_RUN,
U-2df268f6ceff,F00001,研究边界、证据与处理方法 / 语料边界,1,73,105,33,RESEARCH,RESEARCH,,EXPLICIT,7f4919b7df6aee03bb93b0f9f20cfe5d7a5724e2297e404dcfa0980fe474cebb,5,0,0,scene-default-research,1,DEFAULT,DEFAULT,SCENE_DEFAULT,RESEARCH,18887ba292c25e48d8f9fc598e1a33fa721d1fa8795b3d78f9964af0773b39e0,True,REWRITE,BALANCED,NOT_RUN,U-2df268f6ceff,52c26ad95de474ebaa55f73a2540e8ffb28db96d569c1eb4279783ef85b013ea,U-99abf63c5cd0,U-ea811c77720a,213,28,PENDING,80ef51b01c0cadcea6fd2d8bccad67e53cf2fd89f3a6f792573c4684ca1fa390,,,NOT_RUN,NOT_RUN,
U-ea811c77720a,F00001,研究边界、证据与处理方法 / 页面识别与证据台账,1,106,127,22,RESEARCH,RESEARCH,,EXPLICIT,7f4919b7df6aee03bb93b0f9f20cfe5d7a5724e2297e404dcfa0980fe474cebb,5,0,0,scene-default-research,1,DEFAULT,DEFAULT,SCENE_DEFAULT,RESEARCH,18887ba292c25e48d8f9fc598e1a33fa721d1fa8795b3d78f9964af0773b39e0,True,REWRITE,BALANCED,NOT_RUN,U-ea811c77720a,3f2226a615b81ff8496be0c2f9b6741f99629460c16b38dd8c0915f4f57c0a82,U-2df268f6ceff,U-a0366b42793c,466,3,PENDING,4fbdac16d79e9ed043242be9b3595d7dcf3e02fb697f7acb096e6ea1e4e38136,,,NOT_RUN,NOT_RUN,
U-a0366b42793c,F00001,六年真题任务图谱与人员分工,1,128,129,2,RESEARCH,RESEARCH,,EXPLICIT,7f4919b7df6aee03bb93b0f9f20cfe5d7a5724e2297e404dcfa0980fe474cebb,5,0,0,scene-default-research,1,DEFAULT,DEFAULT,SCENE_DEFAULT,RESEARCH,18887ba292c25e48d8f9fc598e1a33fa721d1fa8795b3d78f9964af0773b39e0,True,REWRITE,BALANCED,NOT_RUN,U-a0366b42793c,c4e1dbeee162aa9635653b24b98c77b4655b1d4adab6b9c1c46c9690a1981872,U-ea811c77720a,U-8597649b56ec,0,1,SKIPPED_PROTECTED,a801dc7c9ce2be4a5b22bac6b6817fa7a56dd6d15488a7357ddbaf5d2a0b2b21,,,NOT_RUN,NOT_RUN,
U-8597649b56ec,F00001,六年真题任务图谱与人员分工 / 十八道真题的训练定位,1,130,166,37,RESEARCH,RESEARCH,,EXPLICIT,7f4919b7df6aee03bb93b0f9f20cfe5d7a5724e2297e404dcfa0980fe474cebb,5,0,0,scene-default-research,1,DEFAULT,DEFAULT,SCENE_DEFAULT,RESEARCH,18887ba292c25e48d8f9fc598e1a33fa721d1fa8795b3d78f9964af0773b39e0,True,REWRITE,BALANCED,NOT_RUN,U-8597649b56ec,e8c7bf248d830b73321f8dd06e96aa6378bd4a79aeb7957b07cc206e2a870e63,U-a0366b42793c,U-f6b92109b98a,802,35,PENDING,08fbf22042e6927deed11e74f9c0fe8e8438311a41586d29b2f43b6337d488a1,,,NOT_RUN,NOT_RUN,
U-f6b92109b98a,F00001,六年真题任务图谱与人员分工 / 四块学习结构,1,167,175,9,RESEARCH,RESEARCH,,EXPLICIT,7f4919b7df6aee03bb93b0f9f20cfe5d7a5724e2297e404dcfa0980fe474cebb,5,0,0,scene-default-research,1,DEFAULT,DEFAULT,SCENE_DEFAULT,RESEARCH,18887ba292c25e48d8f9fc598e1a33fa721d1fa8795b3d78f9964af0773b39e0,True,REWRITE,BALANCED,NOT_RUN,U-f6b92109b98a,a1bbc623d26543805a7422fbb232e63e1f60202627360c2f207cab0aef45004f,U-8597649b56ec,U-188b12a25ecc,156,2,PENDING,3f4ae6b5cffaafb719838b69aebcd416ba9e176850c67b2ce9afb48233006f68,,,NOT_RUN,NOT_RUN,
U-188b12a25ecc,F00001,理论知识学习笔记,1,176,177,2,RESEARCH,RESEARCH,,EXPLICIT,7f4919b7df6aee03bb93b0f9f20cfe5d7a5724e2297e404dcfa0980fe474cebb,5,0,0,scene-default-research,1,DEFAULT,DEFAULT,SCENE_DEFAULT,RESEARCH,18887ba292c25e48d8f9fc598e1a33fa721d1fa8795b3d78f9964af0773b39e0,True,REWRITE,BALANCED,NOT_RUN,U-188b12a25ecc,4506ae3aad878fc932e5277a7ec86ed70e06a93c39bfcd34800ae1ca7e6e0b54,U-f6b92109b98a,U-4333c342d084,0,1,SKIPPED_PROTECTED,698ee52da61122fb7e84cf99b57e6ddcc65fd090410817a4d8af58d7e56f39e2,,,NOT_RUN,NOT_RUN,
U-4333c342d084,F00001,理论知识学习笔记 / 队长：机理、连续模型与数值实现,1,178,179,2,RESEARCH,RESEARCH,,EXPLICIT,7f4919b7df6aee03bb93b0f9f20cfe5d7a5724e2297e404dcfa0980fe474cebb,5,0,0,scene-default-research,1,DEFAULT,DEFAULT,SCENE_DEFAULT,RESEARCH,18887ba292c25e48d8f9fc598e1a33fa721d1fa8795b3d78f9964af0773b39e0,True,REWRITE,BALANCED,NOT_RUN,U-4333c342d084,be3667e517347cb303787f1955ba6377f6272430344819ba310312311cccfe56,U-188b12a25ecc,U-93449d7ff25a,0,1,SKIPPED_PROTECTED,a783d3a31cb876d577a4e1308dc3f09ecf84c9340894d9e347dd9756a1192fed,,,NOT_RUN,NOT_RUN,
U-93449d7ff25a,F00001,理论知识学习笔记 / 队长：机理、连续模型与数值实现 / 覆盖内容、原理与求解步骤,1,180,205,26,RESEARCH,RESEARCH,,EXPLICIT,7f4919b7df6aee03bb93b0f9f20cfe5d7a5724e2297e404dcfa0980fe474cebb,5,0,0,scene-default-research,1,DEFAULT,DEFAULT,SCENE_DEFAULT,RESEARCH,18887ba292c25e48d8f9fc598e1a33fa721d1fa8795b3d78f9964af0773b39e0,True,REWRITE,BALANCED,NOT_RUN,U-93449d7ff25a,fa074fcf4dc167fc93c882b2b3f692c7cbf2fee1220cb79decdc10fab62b8708,U-4333c342d084,U-6e047f2d8820,489,10,PENDING,d803997805f65e52e7fb6523c345d7bd10ad7d9ae631a2326f6b7b890f94867e,,,NOT_RUN,NOT_RUN,
U-6e047f2d8820,F00001,理论知识学习笔记 / 队长：机理、连续模型与数值实现 / 开源代码逻辑、约束与选型边界,1,206,224,19,RESEARCH,RESEARCH,,EXPLICIT,7f4919b7df6aee03bb93b0f9f20cfe5d7a5724e2297e404dcfa0980fe474cebb,5,0,0,scene-default-research,1,DEFAULT,DEFAULT,SCENE_DEFAULT,RESEARCH,18887ba292c25e48d8f9fc598e1a33fa721d1fa8795b3d78f9964af0773b39e0,True,REWRITE,BALANCED,NOT_RUN,U-6e047f2d8820,c331f49f12ef64d3ad80b40d99565c6e239e61d0b7884cb9131351186204a39a,U-93449d7ff25a,U-c8ea003d42a0,237,8,PENDING,cc661b8235c81d78cb792d2f78047a4b4a7f195baf4fa7426322b18bb5218d3b,,,NOT_RUN,NOT_RUN,
U-c8ea003d42a0,F00001,理论知识学习笔记 / 队长：机理、连续模型与数值实现 / 开源代码逻辑、约束与选型边界 / 可实现代码清单,1,225,234,10,RESEARCH,RESEARCH,,EXPLICIT,7f4919b7df6aee03bb93b0f9f20cfe5d7a5724e2297e404dcfa0980fe474cebb,5,0,0,scene-default-research,1,DEFAULT,DEFAULT,SCENE_DEFAULT,RESEARCH,18887ba292c25e48d8f9fc598e1a33fa721d1fa8795b3d78f9964af0773b39e0,True,REWRITE,BALANCED,NOT_RUN,U-c8ea003d42a0,82ee88e2704951deb5a873aa6333fab05aecdc102987795841b81b1e2cbd75ae,U-6e047f2d8820,U-e248c2915021,90,9,PENDING,e10bc078a3502f7ed80c73f90d9360483526099719832986dfd0e91b28851f46,,,NOT_RUN,NOT_RUN,
U-e248c2915021,F00001,理论知识学习笔记 / 组员1：规划、智能优化、图网络与仿真,1,235,236,2,RESEARCH,RESEARCH,,EXPLICIT,7f4919b7df6aee03bb93b0f9f20cfe5d7a5724e2297e404dcfa0980fe474cebb,5,0,0,scene-default-research,1,DEFAULT,DEFAULT,SCENE_DEFAULT,RESEARCH,18887ba292c25e48d8f9fc598e1a33fa721d1fa8795b3d78f9964af0773b39e0,True,REWRITE,BALANCED,NOT_RUN,U-e248c2915021,bf6bc215edf34ed2e5694b0ed7dd543eab0645752b1d5771043ab3b2cbbad0aa,U-c8ea003d42a0,U-aaa35b949121,0,1,SKIPPED_PROTECTED,747be1f779b11e8d07766139aff610eea4785377875b75771299b779f48fcbd5,,,NOT_RUN,NOT_RUN,
U-aaa35b949121,F00001,理论知识学习笔记 / 组员1：规划、智能优化、图网络与仿真 / 覆盖内容、原理与求解步骤,1,237,267,31,RESEARCH,RESEARCH,,EXPLICIT,7f4919b7df6aee03bb93b0f9f20cfe5d7a5724e2297e404dcfa0980fe474cebb,5,0,0,scene-default-research,1,DEFAULT,DEFAULT,SCENE_DEFAULT,RESEARCH,18887ba292c25e48d8f9fc598e1a33fa721d1fa8795b3d78f9964af0773b39e0,True,REWRITE,BALANCED,NOT_RUN,U-aaa35b949121,65d0c0b303d05e107d4d13c87bf366882df5da432bcb4b8c4cc6707458ec5769,U-e248c2915021,U-26e37b3457dd,561,11,PENDING,7feed6997459d9e0f7b3662c30ec9c70e7abccb04a7fc15fed36babba58c0c10,,,NOT_RUN,NOT_RUN,
U-26e37b3457dd,F00001,理论知识学习笔记 / 组员1：规划、智能优化、图网络与仿真 / 开源代码逻辑、优缺点与边界,1,268,287,20,RESEARCH,RESEARCH,,EXPLICIT,7f4919b7df6aee03bb93b0f9f20cfe5d7a5724e2297e404dcfa0980fe474cebb,5,0,0,scene-default-research,1,DEFAULT,DEFAULT,SCENE_DEFAULT,RESEARCH,18887ba292c25e48d8f9fc598e1a33fa721d1fa8795b3d78f9964af0773b39e0,True,REWRITE,BALANCED,NOT_RUN,U-26e37b3457dd,2708cb23a8a65bac5a08c3b0582e3662ede01ea9bad78298f512ec9572c14122,U-aaa35b949121,U-1ac43ff444aa,231,6,PENDING,9ae40263e0d423b800c07d2a3dd89bde0d67659f838d503f4a6eca63fe1fe740,,,NOT_RUN,NOT_RUN,
U-1ac43ff444aa,F00001,理论知识学习笔记 / 组员1：规划、智能优化、图网络与仿真 / 开源代码逻辑、优缺点与边界 / 可实现代码清单,1,288,297,10,RESEARCH,RESEARCH,,EXPLICIT,7f4919b7df6aee03bb93b0f9f20cfe5d7a5724e2297e404dcfa0980fe474cebb,5,0,0,scene-default-research,1,DEFAULT,DEFAULT,SCENE_DEFAULT,RESEARCH,18887ba292c25e48d8f9fc598e1a33fa721d1fa8795b3d78f9964af0773b39e0,True,REWRITE,BALANCED,NOT_RUN,U-1ac43ff444aa,c0120b323f678b2b146b567705325f13608c9b6685d4a49c349afdc3c8be0fba,U-26e37b3457dd,U-cc8487717d42,76,9,PENDING,5fbce766c71ad6e4830147fe50de9a7553328777f6644a2778780d26c8c39c3e,,,NOT_RUN,NOT_RUN,
U-cc8487717d42,F00001,理论知识学习笔记 / 组员2：数据处理、评价决策与统计学习,1,298,299,2,RESEARCH,RESEARCH,,EXPLICIT,7f4919b7df6aee03bb93b0f9f20cfe5d7a5724e2297e404dcfa0980fe474cebb,5,0,0,scene-default-research,1,DEFAULT,DEFAULT,SCENE_DEFAULT,RESEARCH,18887ba292c25e48d8f9fc598e1a33fa721d1fa8795b3d78f9964af0773b39e0,True,REWRITE,BALANCED,NOT_RUN,U-cc8487717d42,45eb30b95debb694a23ce5d3d16592fb84d9709039b5177eba1a62eae15f36a2,U-1ac43ff444aa,U-50a638426323,0,1,SKIPPED_PROTECTED,75eab40be11aa0f689ea389ea6d28ef36e32cccb0a696b05a5ea62d588127ec5,,,NOT_RUN,NOT_RUN,
U-50a638426323,F00001,理论知识学习笔记 / 组员2：数据处理、评价决策与统计学习 / 数据链、算法原理与完整步骤,1,300,339,40,RESEARCH,RESEARCH,,EXPLICIT,7f4919b7df6aee03bb93b0f9f20cfe5d7a5724e2297e404dcfa0980fe474cebb,5,0,0,scene-default-research,1,DEFAULT,DEFAULT,SCENE_DEFAULT,RESEARCH,18887ba292c25e48d8f9fc598e1a33fa721d1fa8795b3d78f9964af0773b39e0,True,REWRITE,BALANCED,NOT_RUN,U-50a638426323,614d605908d2966df805187d9ad6aab054afeb44118093e9c0eea396154ab1e6,U-cc8487717d42,U-91b045cc729a,716,14,PENDING,6d1804ea900dd1e825d66dc94f83af188f4aa4d65b554e92ebb387c7c65156d5,,,NOT_RUN,NOT_RUN,
U-91b045cc729a,F00001,理论知识学习笔记 / 组员2：数据处理、评价决策与统计学习 / 开源代码逻辑、约束与选型边界,1,340,359,20,RESEARCH,RESEARCH,,EXPLICIT,7f4919b7df6aee03bb93b0f9f20cfe5d7a5724e2297e404dcfa0980fe474cebb,5,0,0,scene-default-research,1,DEFAULT,DEFAULT,SCENE_DEFAULT,RESEARCH,18887ba292c25e48d8f9fc598e1a33fa721d1fa8795b3d78f9964af0773b39e0,True,REWRITE,BALANCED,NOT_RUN,U-91b045cc729a,72b4e78cc24425ae6727b0765b60e570ad01a7d58636581fedfe6d8582af0419,U-50a638426323,U-4fc7e20dda04,257,6,PENDING,733e6a9773e42ac1cba828f61ece1dac80053467f0959c31724f2b015bb4b174,,,NOT_RUN,NOT_RUN,
U-4fc7e20dda04,F00001,理论知识学习笔记 / 组员2：数据处理、评价决策与统计学习 / 开源代码逻辑、约束与选型边界 / 可实现代码清单,1,360,370,11,RESEARCH,RESEARCH,,EXPLICIT,7f4919b7df6aee03bb93b0f9f20cfe5d7a5724e2297e404dcfa0980fe474cebb,5,0,0,scene-default-research,1,DEFAULT,DEFAULT,SCENE_DEFAULT,RESEARCH,18887ba292c25e48d8f9fc598e1a33fa721d1fa8795b3d78f9964af0773b39e0,True,REWRITE,BALANCED,NOT_RUN,U-4fc7e20dda04,747d34d490c48da17816dde20f2618d6a279d99a39b4aae16918781ff0316aa1,U-91b045cc729a,U-d0cbb9bb18c5,88,10,PENDING,9f1d4b4bba295485f943218a41732a3ca42c790f5e804d45432002c0c9c7437c,,,NOT_RUN,NOT_RUN,
U-d0cbb9bb18c5,F00001,理论知识学习笔记 / 三人交叉学习与代码集成,1,371,383,13,RESEARCH,RESEARCH,,EXPLICIT,7f4919b7df6aee03bb93b0f9f20cfe5d7a5724e2297e404dcfa0980fe474cebb,5,0,0,scene-default-research,1,DEFAULT,DEFAULT,SCENE_DEFAULT,RESEARCH,18887ba292c25e48d8f9fc598e1a33fa721d1fa8795b3d78f9964af0773b39e0,True,REWRITE,BALANCED,NOT_RUN,U-d0cbb9bb18c5,5766fc84603490c7b71d47c02a7243fb2e4d2939dbf589bc45c8669605a98dca,U-4fc7e20dda04,U-155f7d7fe0af,225,4,PENDING,745ec1ad1524f0de280b516165e7f2ca3ab843928aff937bd086baf164e43918,,,NOT_RUN,NOT_RUN,
U-155f7d7fe0af,F00001,理论知识学习笔记 / 阶段成果、真实短板与四周计划,1,384,385,2,RESEARCH,RESEARCH,,EXPLICIT,7f4919b7df6aee03bb93b0f9f20cfe5d7a5724e2297e404dcfa0980fe474cebb,5,0,0,scene-default-research,1,DEFAULT,DEFAULT,SCENE_DEFAULT,RESEARCH,18887ba292c25e48d8f9fc598e1a33fa721d1fa8795b3d78f9964af0773b39e0,True,REWRITE,BALANCED,NOT_RUN,U-155f7d7fe0af,38984007ebf269c111652a6455d12551045bcb0dbfaf289bda498a6ecd35e188,U-d0cbb9bb18c5,U-dc1d4fead1f5,0,1,SKIPPED_PROTECTED,a447621ee630306d6eef60f7e86cdfe49242e4fc9ba19e9046b87788181637ae,,,NOT_RUN,NOT_RUN,
U-dc1d4fead1f5,F00001,理论知识学习笔记 / 阶段成果、真实短板与四周计划 / 当前可取之处,1,386,392,7,RESEARCH,RESEARCH,,EXPLICIT,7f4919b7df6aee03bb93b0f9f20cfe5d7a5724e2297e404dcfa0980fe474cebb,5,0,0,scene-default-research,1,DEFAULT,DEFAULT,SCENE_DEFAULT,RESEARCH,18887ba292c25e48d8f9fc598e1a33fa721d1fa8795b3d78f9964af0773b39e0,True,REWRITE,BALANCED,NOT_RUN,U-dc1d4fead1f5,b4a5ce612261b6297c7e5de6be4888125f6c871c223650d93f36c58bcd902beb,U-155f7d7fe0af,U-f3cd34d8bc76,104,2,PENDING,71e3a77be6d69c77ba5d63ccad96f8068459644aa0c46293b99f18cf0b8c62e1,,,NOT_RUN,NOT_RUN,
U-f3cd34d8bc76,F00001,理论知识学习笔记 / 阶段成果、真实短板与四周计划 / 当前真实短板,1,393,402,10,RESEARCH,RESEARCH,,EXPLICIT,7f4919b7df6aee03bb93b0f9f20cfe5d7a5724e2297e404dcfa0980fe474cebb,5,0,0,scene-default-research,1,DEFAULT,DEFAULT,SCENE_DEFAULT,RESEARCH,18887ba292c25e48d8f9fc598e1a33fa721d1fa8795b3d78f9964af0773b39e0,True,REWRITE,BALANCED,NOT_RUN,U-f3cd34d8bc76,71f0a9ddb3771d78b886c7884e67fda7ec2751e7fc1a6bc41914c308aa53feed,U-dc1d4fead1f5,U-9a0dbfcc706d,209,3,PENDING,cfd37452259c364ba20003e533a9fb095e901f9558a02e1628650cef04ec457b,,,NOT_RUN,NOT_RUN,
U-9a0dbfcc706d,F00001,理论知识学习笔记 / 阶段成果、真实短板与四周计划 / 2026 年 7 月 29 日至 8 月 25 日量化训练,1,403,425,23,RESEARCH,RESEARCH,,EXPLICIT,7f4919b7df6aee03bb93b0f9f20cfe5d7a5724e2297e404dcfa0980fe474cebb,5,0,0,scene-default-research,1,DEFAULT,DEFAULT,SCENE_DEFAULT,RESEARCH,18887ba292c25e48d8f9fc598e1a33fa721d1fa8795b3d78f9964af0773b39e0,True,REWRITE,BALANCED,NOT_RUN,U-9a0dbfcc706d,372dc316296aa25f96ecb584d802c896b7aa4e860c1923883e5e53db9ff53f18,U-f3cd34d8bc76,U-1f6c0b78c643,507,23,PENDING,e6953a1e2b545b909f6842200eb2a11df0d6f8b641f4f9863f4e7a5f71b3ce46,,,NOT_RUN,NOT_RUN,
U-1f6c0b78c643,F00001,59 篇编号论文的结构与写作分析,1,426,431,6,RESEARCH,RESEARCH,,EXPLICIT,7f4919b7df6aee03bb93b0f9f20cfe5d7a5724e2297e404dcfa0980fe474cebb,5,0,0,scene-default-research,1,DEFAULT,DEFAULT,SCENE_DEFAULT,RESEARCH,18887ba292c25e48d8f9fc598e1a33fa721d1fa8795b3d78f9964af0773b39e0,True,REWRITE,BALANCED,NOT_RUN,U-1f6c0b78c643,4b9e10f19a57b7a0d1a1818a69ae12b87ab32f8e1952d4b7cd3a6ccd2d979a9b,U-9a0dbfcc706d,U-bf86ab4f8ae1,85,1,PENDING,ac393d2f2bf47f51eb359d74ad3fc61cda2a7536c035d7331d6752d3372bc7a9,,,NOT_RUN,NOT_RUN,
U-bf86ab4f8ae1,F00001,59 篇编号论文的结构与写作分析 / 宏观框架与版面组织,1,432,480,49,RESEARCH,RESEARCH,,EXPLICIT,7f4919b7df6aee03bb93b0f9f20cfe5d7a5724e2297e404dcfa0980fe474cebb,5,0,0,scene-default-research,1,DEFAULT,DEFAULT,SCENE_DEFAULT,RESEARCH,18887ba292c25e48d8f9fc598e1a33fa721d1fa8795b3d78f9964af0773b39e0,True,REWRITE,BALANCED,NOT_RUN,U-bf86ab4f8ae1,b679a59bddef8d429c1cd89bff8ea9d55acd511da38e0abdaedb46832d871407,U-1f6c0b78c643,U-87f526ef7b0e,410,46,PENDING,2241de72ab629cb0966fc70c86ef0a5e6e65a36b03def6fe41be4159a53f6261,,,NOT_RUN,NOT_RUN,
U-87f526ef7b0e,F00001,59 篇编号论文的结构与写作分析 / 逐篇证据摘要（59/59）,1,481,628,148,RESEARCH,RESEARCH,,EXPLICIT,7f4919b7df6aee03bb93b0f9f20cfe5d7a5724e2297e404dcfa0980fe474cebb,5,0,0,scene-default-research,1,DEFAULT,DEFAULT,SCENE_DEFAULT,RESEARCH,18887ba292c25e48d8f9fc598e1a33fa721d1fa8795b3d78f9964af0773b39e0,True,REWRITE,BALANCED,NOT_RUN,U-87f526ef7b0e,b2a4fe2aa99444080064af5c4b800e58275d2147ce164cb5588f0084f1addf19,U-bf86ab4f8ae1,U-356cbda06ba9,6161,106,PENDING,3fab11332629de20bcff111320444a39ba9b502043349ed8ae58c0c8b16f2619,,,NOT_RUN,NOT_RUN,
U-356cbda06ba9,F00001,59 篇编号论文的结构与写作分析 / A/B/C 三类论文的微观文风,1,629,638,10,RESEARCH,RESEARCH,,EXPLICIT,7f4919b7df6aee03bb93b0f9f20cfe5d7a5724e2297e404dcfa0980fe474cebb,5,0,0,scene-default-research,1,DEFAULT,DEFAULT,SCENE_DEFAULT,RESEARCH,18887ba292c25e48d8f9fc598e1a33fa721d1fa8795b3d78f9964af0773b39e0,True,REWRITE,BALANCED,NOT_RUN,U-356cbda06ba9,323d845a8d82b32b8f46a456823bec82fcf505d43e4f2ce2f2b460519197a16b,U-87f526ef7b0e,U-5199fabed4af,178,2,PENDING,0c024b7e7cac41c152b7fe80a81f8c9377360666c9e1e3b0fd5b8b6968fc0181,,,NOT_RUN,NOT_RUN,
U-5199fabed4af,F00001,59 篇编号论文的结构与写作分析 / A/B/C 三类论文的微观文风 / A 类：先交代机制，再讨论数值,1,639,704,66,RESEARCH,RESEARCH,,EXPLICIT,7f4919b7df6aee03bb93b0f9f20cfe5d7a5724e2297e404dcfa0980fe474cebb,5,0,0,scene-default-research,1,DEFAULT,DEFAULT,SCENE_DEFAULT,RESEARCH,18887ba292c25e48d8f9fc598e1a33fa721d1fa8795b3d78f9964af0773b39e0,True,REWRITE,BALANCED,NOT_RUN,U-5199fabed4af,fcb66d3cdd1ec86f7dd5151b08309c04c325e6dc83de457fd883cb04fddd9190,U-356cbda06ba9,U-10a10de0db41,2836,80,PENDING,ee7fe993220c327f345564851cf3d3bb8da57e03295f82ee40ebe2468c907b18,,,NOT_RUN,NOT_RUN,
U-10a10de0db41,F00001,59 篇编号论文的结构与写作分析 / A/B/C 三类论文的微观文风 / B 类：变量、约束与策略必须逐项对应,1,705,908,204,RESEARCH,RESEARCH,,EXPLICIT,7f4919b7df6aee03bb93b0f9f20cfe5d7a5724e2297e404dcfa0980fe474cebb,5,0,0,scene-default-research,1,DEFAULT,DEFAULT,SCENE_DEFAULT,RESEARCH,18887ba292c25e48d8f9fc598e1a33fa721d1fa8795b3d78f9964af0773b39e0,True,REWRITE,BALANCED,NOT_RUN,U-10a10de0db41,92e2fb54092f4255d92690e6cdc993b81752bc3b0921578e457fa2a40640efef,U-5199fabed4af,U-06914e2c7ac3,4605,109,PENDING,6d1fe3e5368734fd759c08441496952f5aaaa99d8f7b3ff297e840300f562ca1,,,NOT_RUN,NOT_RUN,
U-06914e2c7ac3,F00001,59 篇编号论文的结构与写作分析 / A/B/C 三类论文的微观文风 / C 类：数据口径、隔离验证与决策解释并重,1,909,1126,218,RESEARCH,RESEARCH,,EXPLICIT,7f4919b7df6aee03bb93b0f9f20cfe5d7a5724e2297e404dcfa0980fe474cebb,5,0,0,scene-default-research,1,DEFAULT,DEFAULT,SCENE_DEFAULT,RESEARCH,18887ba292c25e48d8f9fc598e1a33fa721d1fa8795b3d78f9964af0773b39e0,True,REWRITE,BALANCED,NOT_RUN,U-06914e2c7ac3,103f56c6c6b83cfd039ba316713dfcf08dad195d051b931d5a766f0418a24c61,U-10a10de0db41,U-eba9de41cdcb,5278,105,PENDING,186e79dfcc334b1672a851c5a53cdb551c60c5a178e2d669ca6036ca71321f7d,,,NOT_RUN,NOT_RUN,
U-eba9de41cdcb,F00001,59 篇编号论文的结构与写作分析 / 十四类章节的写法,1,1127,1155,29,RESEARCH,RESEARCH,,EXPLICIT,7f4919b7df6aee03bb93b0f9f20cfe5d7a5724e2297e404dcfa0980fe474cebb,5,0,0,scene-default-research,1,DEFAULT,DEFAULT,SCENE_DEFAULT,RESEARCH,18887ba292c25e48d8f9fc598e1a33fa721d1fa8795b3d78f9964af0773b39e0,True,REWRITE,BALANCED,NOT_RUN,U-eba9de41cdcb,e916ca6bf0f74e53110734cf74ecad5575ea1718f4b4add712520b8fa50f9c1a,U-06914e2c7ac3,U-f38bdd97a64b,800,42,PENDING,602e49bb6b1de65c293d25d31b7ae04afdf67d8599d265ff124c37f02cd764b8,,,NOT_RUN,NOT_RUN,
U-f38bdd97a64b,F00001,59 篇编号论文的结构与写作分析 / 可复用表达与 边界,1,1156,1171,16,RESEARCH,RESEARCH,,EXPLICIT,7f4919b7df6aee03bb93b0f9f20cfe5d7a5724e2297e404dcfa0980fe474cebb,5,0,0,scene-default-research,1,DEFAULT,DEFAULT,SCENE_DEFAULT,RESEARCH,18887ba292c25e48d8f9fc598e1a33fa721d1fa8795b3d78f9964af0773b39e0,True,REWRITE,BALANCED,NOT_RUN,U-f38bdd97a64b,84ea3a2c92e3b9719694006b17f5564902371ad8c6d67f8329a0a890beb05dff,U-eba9de41cdcb,U-0cd48d07aea1,231,9,PENDING,3ab27546a451e7d2946e7d977ffcec42368f9237462e9a2f2e1b4c33abeec54b,,,NOT_RUN,NOT_RUN,
U-0cd48d07aea1,F00001,59 篇编号论文的结构与写作分析 / 人类作者的惯用词、段落骨架与行文节奏,1,1172,1351,180,RESEARCH,RESEARCH,,EXPLICIT,7f4919b7df6aee03bb93b0f9f20cfe5d7a5724e2297e404dcfa0980fe474cebb,5,0,0,scene-default-research,1,DEFAULT,DEFAULT,SCENE_DEFAULT,RESEARCH,18887ba292c25e48d8f9fc598e1a33fa721d1fa8795b3d78f9964af0773b39e0,True,REWRITE,BALANCED,NOT_RUN,U-0cd48d07aea1,3f4c7a8fd8168573a73e7c80771043e9a2a9b6bfc3e6d8d1c5b3ed911d5268ea,U-f38bdd97a64b,U-057a229cd4ca,3593,187,PENDING,7f0887123ee5c4847adc4c5264d5505bd7a0ee7773cd20f2f6a617c7e856cea4,,,NOT_RUN,NOT_RUN,
U-057a229cd4ca,F00001,59 篇编号论文的结构与写作分析 / 人类作者的惯用词、段落骨架与行文节奏,2,1352,1514,163,RESEARCH,RESEARCH,,EXPLICIT,7f4919b7df6aee03bb93b0f9f20cfe5d7a5724e2297e404dcfa0980fe474cebb,5,0,0,scene-default-research,1,DEFAULT,DEFAULT,SCENE_DEFAULT,RESEARCH,18887ba292c25e48d8f9fc598e1a33fa721d1fa8795b3d78f9964af0773b39e0,True,REWRITE,BALANCED,NOT_RUN,U-057a229cd4ca,20f5f63f6e24d61fcbdaed577534b05fa0190211eea95d23cff7067e5fd6c8e3,U-0cd48d07aea1,U-9243a355378c,6805,11,PENDING,147395bb200af314999e05ed588cb26b7431ed58177f6cf278247209417e7013,,,NOT_RUN,NOT_RUN,
U-9243a355378c,F00001,59 篇编号论文的结构与写作分析 / 人类作者的惯用词、段落骨架与行文节奏,3,1515,1541,27,RESEARCH,RESEARCH,,EXPLICIT,7f4919b7df6aee03bb93b0f9f20cfe5d7a5724e2297e404dcfa0980fe474cebb,5,0,0,scene-default-research,1,DEFAULT,DEFAULT,SCENE_DEFAULT,RESEARCH,18887ba292c25e48d8f9fc598e1a33fa721d1fa8795b3d78f9964af0773b39e0,True,REWRITE,BALANCED,NOT_RUN,U-9243a355378c,41999e76543a9f2cc462ac2b43714766e4404e8aa1d699a025c3d2ee42fe27fd,U-057a229cd4ca,U-c78f75e259d4,694,10,PENDING,5d0c817b7a389149bb254670742e90cb0fc6413313fa993783661c7ff8c0bdc2,,,NOT_RUN,NOT_RUN,
U-c78f75e259d4,F00001,创新切入、高频失分与高分策略,1,1542,1543,2,RESEARCH,RESEARCH,,EXPLICIT,7f4919b7df6aee03bb93b0f9f20cfe5d7a5724e2297e404dcfa0980fe474cebb,5,0,0,scene-default-research,1,DEFAULT,DEFAULT,SCENE_DEFAULT,RESEARCH,18887ba292c25e48d8f9fc598e1a33fa721d1fa8795b3d78f9964af0773b39e0,True,REWRITE,BALANCED,NOT_RUN,U-c78f75e259d4,9994d7e7a57da21ca56189b5138afab81520bc986078fcaf6a86ba19921777e4,U-9243a355378c,U-23270103d389,0,1,SKIPPED_PROTECTED,7d183f6728cc830b96fc174b51fd6212505784b570bfc55dca27cdd640a66533,,,NOT_RUN,NOT_RUN,
U-23270103d389,F00001,创新切入、高频失分与高分策略 / 从基线到差异化模型,1,1544,1560,17,RESEARCH,RESEARCH,,EXPLICIT,7f4919b7df6aee03bb93b0f9f20cfe5d7a5724e2297e404dcfa0980fe474cebb,5,0,0,scene-default-research,1,DEFAULT,DEFAULT,SCENE_DEFAULT,RESEARCH,18887ba292c25e48d8f9fc598e1a33fa721d1fa8795b3d78f9964af0773b39e0,True,REWRITE,BALANCED,NOT_RUN,U-23270103d389,aab3546bbd41ed8e30640c412af96e6116f181dd463630d70e57fa8815b3dae4,U-c78f75e259d4,U-1a544ae65761,316,19,PENDING,4d5e8662ecfe8a13cc8935345e2def77079b1ababc59b39854770850ef41b7d4,,,NOT_RUN,NOT_RUN,
U-1a544ae65761,F00001,创新切入、高频失分与高分策略 / 高频失分点,1,1561,1586,26,RESEARCH,RESEARCH,,EXPLICIT,7f4919b7df6aee03bb93b0f9f20cfe5d7a5724e2297e404dcfa0980fe474cebb,5,0,0,scene-default-research,1,DEFAULT,DEFAULT,SCENE_DEFAULT,RESEARCH,18887ba292c25e48d8f9fc598e1a33fa721d1fa8795b3d78f9964af0773b39e0,True,REWRITE,BALANCED,NOT_RUN,U-1a544ae65761,7aed1352f5ba8890c9fbf4ab8e25c0ef2d0bcb68583dd951a82871e005257b81,U-23270103d389,U-bec7fc588484,522,24,PENDING,e1c3fc1d635458e94716f4fcfdb7bb45fb48eb54542cc7fd08096fdd57cc80ce,,,NOT_RUN,NOT_RUN,
U-bec7fc588484,F00001,创新切入、高频失分与高分策略 / 高分写作策略与冻结节奏,1,1587,1599,13,RESEARCH,RESEARCH,,EXPLICIT,7f4919b7df6aee03bb93b0f9f20cfe5d7a5724e2297e404dcfa0980fe474cebb,5,0,0,scene-default-research,1,DEFAULT,DEFAULT,SCENE_DEFAULT,RESEARCH,18887ba292c25e48d8f9fc598e1a33fa721d1fa8795b3d78f9964af0773b39e0,True,REWRITE,BALANCED,NOT_RUN,U-bec7fc588484,315d5bfcfb3afdb3e587477567ffdce5be0bf149089cd42fbf019e0c5f75fe61,U-1a544ae65761,U-9fb66b5e8567,255,1,PENDING,4fac80edb486235302e9377f0ddcf828fb79ad14478e833d00e1ebebcc392158,,,NOT_RUN,NOT_RUN,
U-9fb66b5e8567,F00001,三项工具成果及迭代机制,1,1600,1601,2,RESEARCH,RESEARCH,,EXPLICIT,7f4919b7df6aee03bb93b0f9f20cfe5d7a5724e2297e404dcfa0980fe474cebb,5,0,0,scene-default-research,1,DEFAULT,DEFAULT,SCENE_DEFAULT,RESEARCH,18887ba292c25e48d8f9fc598e1a33fa721d1fa8795b3d78f9964af0773b39e0,True,REWRITE,BALANCED,NOT_RUN,U-9fb66b5e8567,6b604c3aadd12d27c75932ba7af8ab13c0db4916c2a71a421a1cd36b7cc10db2,U-bec7fc588484,U-034cf0f98b04,0,1,SKIPPED_PROTECTED,d2f542c5098d662ee0d8f3f3431a37bd13f50852b6bac405020e800c8724dacb,,,NOT_RUN,NOT_RUN,
U-034cf0f98b04,F00001,三项工具成果及迭代机制 / 学习报告,1,1602,1607,6,RESEARCH,RESEARCH,,EXPLICIT,7f4919b7df6aee03bb93b0f9f20cfe5d7a5724e2297e404dcfa0980fe474cebb,5,0,0,scene-default-research,1,DEFAULT,DEFAULT,SCENE_DEFAULT,RESEARCH,18887ba292c25e48d8f9fc598e1a33fa721d1fa8795b3d78f9964af0773b39e0,True,REWRITE,BALANCED,NOT_RUN,U-034cf0f98b04,3477167ca3e26ab55a84474f44191ff6d303a028e6cc958ea073b4b92d04348d,U-9fb66b5e8567,U-cc88de6c35dd,63,3,PENDING,f0ec2e7b8e3b2ddcd36a6f75109c59fccc900411101432fa60bedcbf47d51818,,,NOT_RUN,NOT_RUN,
U-cc88de6c35dd,F00001,三项工具成果及迭代机制 / 双模式论文模板,1,1608,1622,15,RESEARCH,RESEARCH,,EXPLICIT,7f4919b7df6aee03bb93b0f9f20cfe5d7a5724e2297e404dcfa0980fe474cebb,5,0,0,scene-default-research,1,DEFAULT,DEFAULT,SCENE_DEFAULT,RESEARCH,18887ba292c25e48d8f9fc598e1a33fa721d1fa8795b3d78f9964af0773b39e0,True,REWRITE,BALANCED,NOT_RUN,U-cc88de6c35dd,32c374f16864b99a47dc536b6486f8cdd2f51a91314c23781b8d7394e596f98d,U-034cf0f98b04,U-ad3092e18165,220,8,PENDING,1fe916cd671d381a09876c5a12e2cd1bfe9b2e26df43bba44ba1f275ebcae518,,,NOT_RUN,NOT_RUN,
U-ad3092e18165,F00001,三项工具成果及迭代机制 / MCM-CUP-STANDARD-WRITE Skill,1,1623,1640,18,RESEARCH,RESEARCH,,EXPLICIT,7f4919b7df6aee03bb93b0f9f20cfe5d7a5724e2297e404dcfa0980fe474cebb,5,0,0,scene-default-research,1,DEFAULT,DEFAULT,SCENE_DEFAULT,RESEARCH,18887ba292c25e48d8f9fc598e1a33fa721d1fa8795b3d78f9964af0773b39e0,True,REWRITE,BALANCED,NOT_RUN,U-ad3092e18165,fd0e8dff86f895fc588b78238984b1e14350f127c0e01804a5bf1c127d38e4a0,U-cc88de6c35dd,U-62be2c7b16fe,195,16,PENDING,7be133fe2600040ee133b26fb333eb8bc2d043dbc91ee5ab01913458a06675f2,,,NOT_RUN,NOT_RUN,
U-62be2c7b16fe,F00001,结论,1,1641,1667,27,RESEARCH,RESEARCH,,EXPLICIT,7f4919b7df6aee03bb93b0f9f20cfe5d7a5724e2297e404dcfa0980fe474cebb,5,0,0,scene-default-research,1,DEFAULT,DEFAULT,SCENE_DEFAULT,RESEARCH,18887ba292c25e48d8f9fc598e1a33fa721d1fa8795b3d78f9964af0773b39e0,True,REWRITE,BALANCED,NOT_RUN,U-62be2c7b16fe,022b42a18f03f45e7670d2774fb5731ee9608533c56ef49851e1267a51598962,U-ad3092e18165,U-fa5ca40b64bd,311,10,PENDING,fb635ccd28245ad7cb6cc8e095c1fccb3266ad4e724db883d671a3a4fbd658dc,,,NOT_RUN,NOT_RUN,
U-fa5ca40b64bd,F00001,算法责任与验收总表,1,1668,1704,37,RESEARCH,RESEARCH,,EXPLICIT,7f4919b7df6aee03bb93b0f9f20cfe5d7a5724e2297e404dcfa0980fe474cebb,5,0,0,scene-default-research,1,DEFAULT,DEFAULT,SCENE_DEFAULT,RESEARCH,18887ba292c25e48d8f9fc598e1a33fa721d1fa8795b3d78f9964af0773b39e0,True,REWRITE,BALANCED,NOT_RUN,U-fa5ca40b64bd,2771635cbfa91a289fd1b89a78d8d89343e7de6eafe76094ef0e5c9a5c80af01,U-62be2c7b16fe,U-5134018a773c,701,38,PENDING,74e3b8ac61a05bdc51d6a9417498c5bdc58b163156676c1cf41b519d29d8eecc,,,NOT_RUN,NOT_RUN,
U-5134018a773c,F00001,证据文件说明,1,1705,1712,8,RESEARCH,RESEARCH,,EXPLICIT,7f4919b7df6aee03bb93b0f9f20cfe5d7a5724e2297e404dcfa0980fe474cebb,5,0,0,scene-default-research,1,DEFAULT,DEFAULT,SCENE_DEFAULT,RESEARCH,18887ba292c25e48d8f9fc598e1a33fa721d1fa8795b3d78f9964af0773b39e0,True,REWRITE,BALANCED,NOT_RUN,U-5134018a773c,4e31829af88581b6dd65499247721933642353eec75426a5ef6cabbf589090bd,U-fa5ca40b64bd,,110,3,PENDING,4cc8537f66bd8e4a540775efece8be78a4632d8e7b3b34c0f5a2a10e12138780,,,NOT_RUN,NOT_RUN,
