level	page_num	block_num	par_num	line_num	word_num	left	top	width	height	conf	text
1	1	0	0	0	0	0	0	1671	1920	-1	
2	1	1	0	0	0	300	92	4	2	-1	
3	1	1	1	0	0	300	92	4	2	-1	
4	1	1	1	1	0	300	92	4	2	-1	
5	1	1	1	1	1	300	92	4	2	13.142967	©
2	1	2	0	0	0	301	87	3	3	-1	
3	1	2	1	0	0	301	87	3	3	-1	
4	1	2	1	1	0	301	87	3	3	-1	
5	1	2	1	1	1	301	87	3	3	0.000000	.
2	1	3	0	0	0	447	58	442	17	-1	
3	1	3	1	0	0	447	58	442	17	-1	
4	1	3	1	1	0	447	58	442	17	-1	
5	1	3	1	1	1	443	54	49	31	76.942261	缺失
5	1	3	1	1	2	491	54	20	31	92.537766	值
5	1	3	1	1	3	510	54	19	31	93.252029	处
5	1	3	1	1	4	528	59	10	15	92.601562	理
5	1	3	1	1	5	545	63	3	10	86.793686	:
5	1	3	1	1	6	563	58	29	17	94.863815	均值
5	1	3	1	1	7	601	58	33	17	87.644104	填充
5	1	3	1	1	8	636	54	15	31	93.177917	、
5	1	3	1	1	9	650	58	24	17	91.656883	插
5	1	3	1	1	10	673	54	20	31	72.032455	值
5	1	3	1	1	11	692	58	33	17	82.845833	填充
5	1	3	1	1	12	731	54	47	31	92.945892	、KNN
5	1	3	1	1	13	784	58	26	17	77.971153	填
5	1	3	1	1	14	817	72	4	3	88.019150	充
5	1	3	1	1	15	834	59	9	16	93.205170	、
5	1	3	1	1	16	847	58	17	17	92.967110	删
5	1	3	1	1	17	863	54	26	31	96.345596	除法
2	1	4	0	0	0	263	86	37	18	-1	
3	1	4	1	0	0	263	86	37	18	-1	
4	1	4	1	1	0	263	86	37	18	-1	
5	1	4	1	1	1	263	86	37	18	75.893364	数据
2	1	5	0	0	0	447	86	465	18	-1	
3	1	5	1	0	0	447	86	465	18	-1	
4	1	5	1	1	0	447	86	465	18	-1	
5	1	5	1	1	1	447	86	90	18	93.289375	异常
5	1	5	1	1	2	493	81	18	32	92.686165	值
5	1	5	1	1	3	511	81	18	32	92.940300	处
5	1	5	1	1	4	529	81	12	32	91.846794	理
5	1	5	1	1	5	547	91	1	10	91.846794	:
5	1	5	1	1	6	563	87	18	15	96.894188	3
5	1	5	1	1	7	582	87	37	17	78.213730	准则
5	1	5	1	1	8	619	81	18	32	92.934128	、
5	1	5	1	1	9	637	87	14	17	84.030769	箱
5	1	5	1	1	10	659	87	22	17	93.025719	线
5	1	5	1	1	11	688	100	5	3	93.028946	图
5	1	5	1	1	12	706	87	73	15	81.657616	、Isolation
5	1	5	1	1	13	787	86	125	18	93.123260	Forest
5	1	5	1	1	14	845	81	20	32	62.603539	孤
5	1	5	1	1	15	865	81	20	32	90.003769	立
5	1	5	1	1	16	885	81	30	32	95.998840	森林
2	1	6	0	0	0	306	61	135	67	-1	
3	1	6	1	0	0	306	61	135	67	-1	
4	1	6	1	1	0	306	61	135	67	-1	
5	1	6	1	1	1	306	65	84	59	16.951340	so
5	1	6	1	1	2	389	61	52	67	65.350006	一
2	1	7	0	0	0	447	114	273	19	-1	
3	1	7	1	0	0	447	114	273	19	-1	
4	1	7	1	1	0	447	114	273	19	-1	
5	1	7	1	1	1	447	114	91	18	93.139626	重复
5	1	7	1	1	2	491	110	20	31	92.540947	值
5	1	7	1	1	3	510	110	19	31	93.241318	处
5	1	7	1	1	4	528	110	12	31	89.277390	理
5	1	7	1	1	5	545	120	3	10	89.277390	:
5	1	7	1	1	6	556	114	42	18	93.189323	去
5	1	7	1	1	7	584	110	16	31	92.806587	重
5	1	7	1	1	8	599	110	17	31	91.758553	、
5	1	7	1	1	9	615	114	20	18	92.669701	重
5	1	7	1	1	10	634	110	25	31	92.933372	复
5	1	7	1	1	11	658	110	33	31	56.075233	样本
5	1	7	1	1	12	691	115	29	17	95.886185	合并
2	1	8	0	0	0	447	177	242	18	-1	
3	1	8	1	0	0	447	177	242	18	-1	
4	1	8	1	1	0	447	177	242	18	-1	
5	1	8	1	1	1	447	177	96	18	96.909210	标准
5	1	8	1	1	2	491	173	20	31	96.905930	化
5	1	8	1	1	3	510	173	21	31	93.209274	处
5	1	8	1	1	4	530	173	16	31	93.149788	理
5	1	8	1	1	5	545	173	15	31	92.572403	、
5	1	8	1	1	6	559	177	14	17	88.418076	归
5	1	8	1	1	7	580	178	19	16	96.776512	一
5	1	8	1	1	8	603	178	17	16	96.868240	化
5	1	8	1	1	9	619	177	70	17	86.674507	Min-Max
2	1	9	0	0	0	7	205	145	19	-1	
3	1	9	1	0	0	7	205	145	19	-1	
4	1	9	1	1	0	7	205	145	19	-1	
5	1	9	1	1	1	7	205	145	19	96.237900	数据
5	1	9	1	1	2	51	201	18	32	96.920433	前
5	1	9	1	1	3	69	201	18	32	92.974213	处
5	1	9	1	1	4	87	201	20	32	92.992210	理
5	1	9	1	1	5	107	201	20	32	96.946503	与
5	1	9	1	1	6	127	201	28	32	95.995262	探索
2	1	10	0	0	0	447	205	290	18	-1	
3	1	10	1	0	0	447	205	290	18	-1	
4	1	10	1	1	0	447	205	290	18	-1	
5	1	10	1	1	1	447	206	18	17	96.619568	分
5	1	10	1	1	2	471	206	12	17	96.943512	类
5	1	10	1	1	3	484	206	72	17	94.091393	变量
5	1	10	1	1	4	527	201	20	32	93.168419	处
5	1	10	1	1	5	547	201	12	32	92.655716	理
5	1	10	1	1	6	565	211	1	10	92.001793	:
5	1	10	1	1	7	583	206	9	17	92.374374	独
5	1	10	1	1	8	601	205	20	18	92.746994	热
5	1	10	1	1	9	629	207	24	16	93.283752	编码
5	1	10	1	1	10	665	206	4	17	93.242546	、
5	1	10	1	1	11	671	207	12	16	93.090508	标
5	1	10	1	1	12	691	205	20	18	90.891579	签
5	1	10	1	1	13	711	201	26	32	95.269325	编码
2	1	11	0	0	0	447	234	317	18	-1	
3	1	11	1	0	0	447	234	317	18	-1	
4	1	11	1	1	0	447	234	317	18	-1	
5	1	11	1	1	1	447	234	36	18	96.149307	连续
5	1	11	1	1	2	491	234	38	18	93.224121	变量
5	1	11	1	1	3	529	229	33	32	77.964767	离散
5	1	11	1	1	4	565	235	9	16	92.281380	化
5	1	11	1	1	5	582	239	3	11	87.343842	:
5	1	11	1	1	6	593	235	41	17	93.299850	分
5	1	11	1	1	7	621	229	14	32	91.398148	箱
5	1	11	1	1	8	635	229	18	32	92.139793	、
5	1	11	1	1	9	653	234	12	18	93.022049	等
5	1	11	1	1	10	673	229	12	32	89.296806	宽
5	1	11	1	1	11	666	234	98	18	93.129761	/等
5	1	11	1	1	12	717	229	20	32	92.748520	频
5	1	11	1	1	13	737	229	30	32	48.832176	离散
2	1	12	0	0	0	447	268	454	19	-1	
3	1	12	1	0	0	447	268	454	19	-1	
4	1	12	1	1	0	447	268	454	19	-1	
5	1	12	1	1	1	447	268	90	18	96.899681	相关
5	1	12	1	1	2	489	264	20	32	96.713623	性
5	1	12	1	1	3	509	264	16	32	93.302055	分
5	1	12	1	1	4	525	264	12	32	88.913376	析
5	1	12	1	1	5	545	273	3	11	88.913376	:
5	1	12	1	1	6	556	268	96	18	93.277718	皮尔
5	1	12	1	1	7	601	264	18	32	68.681282	逊
5	1	12	1	1	8	619	268	33	18	93.086418	相关
5	1	12	1	1	9	653	264	18	32	93.010315	、
5	1	12	1	1	10	671	268	12	17	93.160042	斯
5	1	12	1	1	11	684	268	114	19	93.089523	皮尔
5	1	12	1	1	12	727	264	20	32	9.432922	曼
5	1	12	1	1	13	747	264	16	32	92.645020	秩
5	1	12	1	1	14	763	268	35	19	84.292603	相关
5	1	12	1	1	15	799	264	12	32	92.166359	、
5	1	12	1	1	16	811	268	18	18	92.389572	肯
5	1	12	1	1	17	837	264	36	32	93.833061	德尔
5	1	12	1	1	18	873	268	28	18	95.736633	相关
2	1	13	0	0	0	447	297	72	18	-1	
3	1	13	1	0	0	447	297	72	18	-1	
4	1	13	1	1	0	447	297	72	18	-1	
5	1	13	1	1	1	447	297	72	18	59.627991	聚
5	1	13	1	1	2	473	293	16	32	96.908264	类
5	1	13	1	1	3	489	293	18	32	93.130356	分
5	1	13	1	1	4	507	293	16	32	91.298454	析
2	1	14	0	0	0	527	297	345	18	-1	
3	1	14	1	0	0	527	297	345	18	-1	
4	1	14	1	1	0	527	297	345	18	-1	
5	1	14	1	1	1	527	302	3	10	84.977806	:
5	1	14	1	1	2	539	298	175	16	84.249428	K-Means、DBSCAN、
5	1	14	1	1	3	729	297	21	17	90.896790	层
5	1	14	1	1	4	752	297	22	18	93.228317	次
5	1	14	1	1	5	782	297	11	17	82.427864	聚
5	1	14	1	1	6	801	311	4	3	76.479301	类
5	1	14	1	1	7	804	292	19	28	91.062164	、
5	1	14	1	1	8	818	297	54	18	92.166115	谱
5	1	14	1	1	9	845	292	16	28	73.792030	聚
5	1	14	1	1	10	860	292	15	28	93.240952	类
2	1	15	0	0	0	264	325	72	18	-1	
3	1	15	1	0	0	264	325	72	18	-1	
4	1	15	1	1	0	264	325	72	18	-1	
5	1	15	1	1	1	264	325	35	18	96.498337	数据
5	1	15	1	1	2	309	321	30	33	96.752800	探索
2	1	16	0	0	0	447	325	72	18	-1	
3	1	16	1	0	0	447	325	72	18	-1	
4	1	16	1	1	0	447	325	72	18	-1	
5	1	16	1	1	1	447	325	72	18	92.731979	插值
5	1	16	1	1	2	493	321	18	32	93.167145	拟
5	1	16	1	1	3	511	321	12	32	92.079529	合
2	1	17	0	0	0	538	325	346	19	-1	
3	1	17	1	0	0	538	325	346	19	-1	
4	1	17	1	1	0	538	325	346	19	-1	
5	1	17	1	1	1	538	326	18	17	92.310532	拉
5	1	17	1	1	2	560	325	14	19	92.705482	格
5	1	17	1	1	3	580	325	11	18	71.121986	朗
5	1	17	1	1	4	600	326	8	16	90.542953	日
5	1	17	1	1	5	611	325	41	18	92.783440	插值
5	1	17	1	1	6	658	321	12	32	89.856354	、
5	1	17	1	1	7	670	327	18	14	93.132057	三
5	1	17	1	1	8	690	331	11	12	92.611923	次
5	1	17	1	1	9	710	326	10	17	92.958618	样
5	1	17	1	1	10	726	325	12	18	97.001869	条
5	1	17	1	1	11	738	325	42	18	93.132339	插值
5	1	17	1	1	12	786	321	10	32	92.565636	、
5	1	17	1	1	13	796	325	22	18	92.784058	克
5	1	17	1	1	14	818	321	20	32	93.295929	里
5	1	17	1	1	15	838	325	9	17	91.224785	金
5	1	17	1	1	16	848	325	36	18	96.576561	插值
2	1	18	0	0	0	447	353	59	18	-1	
3	1	18	1	0	0	447	353	59	18	-1	
4	1	18	1	1	0	447	353	59	18	-1	
5	1	18	1	1	1	447	354	17	17	92.838158	降
5	1	18	1	1	2	471	354	12	17	92.899826	维
5	1	18	1	1	3	491	353	10	18	92.690735	算
5	1	18	1	1	4	502	354	4	17	77.018311	;
2	1	19	0	0	0	539	354	230	17	-1	
3	1	19	1	0	0	539	354	230	17	-1	
4	1	19	1	1	0	539	354	230	17	-1	
5	1	19	1	1	1	539	350	40	29	93.192497	PCA
5	1	19	1	1	2	578	354	25	17	87.661385	主
5	1	19	1	1	3	611	354	13	17	96.307259	成
5	1	19	1	1	4	630	367	4	4	93.250755	分
5	1	19	1	1	5	647	354	122	17	30.308159	、_tSNE、UMAP
2	1	20	0	0	0	447	382	72	18	-1	
3	1	20	1	0	0	447	382	72	18	-1	
4	1	20	1	1	0	447	382	72	18	-1	
5	1	20	1	1	1	447	382	72	18	46.937912	RATE
2	1	21	0	0	0	538	382	145	18	-1	
3	1	21	1	0	0	538	382	145	18	-1	
4	1	21	1	1	0	538	382	145	18	-1	
5	1	21	1	1	1	538	382	145	18	68.140800	蒙特
5	1	21	1	1	2	584	378	16	32	92.762207	卡
5	1	21	1	1	3	600	378	18	32	68.348351	洛
5	1	21	1	1	4	618	378	32	32	93.887657	随机
5	1	21	1	1	5	650	378	36	32	95.996948	抽样
2	1	22	0	0	0	667	415	345	19	-1	
3	1	22	1	0	0	667	415	345	19	-1	
4	1	22	1	1	0	667	415	345	19	-1	
5	1	22	1	1	1	667	416	90	18	96.902458	动力
5	1	22	1	1	2	710	411	19	33	96.963379	学
5	1	22	1	1	3	729	416	28	18	93.284729	模型
5	1	22	1	1	4	768	421	1	11	78.755768	:
5	1	22	1	1	5	784	416	28	18	95.005768	牛顿
5	1	22	1	1	6	819	416	29	18	96.685760	运动
5	1	22	1	1	7	856	416	34	18	93.266960	定律
5	1	22	1	1	8	896	411	13	33	93.071754	、
5	1	22	1	1	9	908	415	24	19	92.535728	弹
5	1	22	1	1	10	941	417	5	17	64.832893	簧
5	1	22	1	1	11	949	417	27	17	96.730713	阻尼
5	1	22	1	1	12	980	416	32	18	96.157776	振动
2	1	23	0	0	0	666	444	348	21	-1	
3	1	23	1	0	0	666	444	348	21	-1	
4	1	23	1	1	0	666	444	348	21	-1	
5	1	23	1	1	1	666	445	18	18	93.255760	种
5	1	23	1	1	2	693	445	20	17	93.045212	群
5	1	23	1	1	3	721	440	26	30	84.676369	模型
5	1	23	1	1	4	750	450	1	10	84.676369	:
5	1	23	1	1	5	759	444	107	21	88.191261	Logistic
5	1	23	1	1	6	830	440	26	30	93.042717	增
5	1	23	1	1	7	855	440	16	30	93.264145	长
5	1	23	1	1	8	870	440	14	30	92.759674	、
5	1	23	1	1	9	883	444	14	19	92.047646	捕
5	1	23	1	1	10	903	445	11	17	84.283028	食
5	1	23	1	1	11	922	445	11	18	92.842896	者
5	1	23	1	1	12	935	444	79	19	83.280151	-猎物
5	1	23	1	1	13	986	440	33	30	96.209129	模型
2	1	24	0	0	0	667	473	244	18	-1	
3	1	24	1	0	0	667	473	244	18	-1	
4	1	24	1	1	0	667	473	244	18	-1	
5	1	24	1	1	1	667	473	28	18	92.357658	传
5	1	24	1	1	2	695	468	10	32	91.256844	热
5	1	24	1	1	3	699	473	84	18	77.881844	/冷却
5	1	24	1	1	4	755	468	34	32	93.302658	模型
5	1	24	1	1	5	793	478	1	11	90.329445	:
5	1	24	1	1	6	811	473	31	18	94.278030	牛顿
5	1	24	1	1	7	849	468	34	32	92.154533	冷却
5	1	24	1	1	8	883	473	28	18	96.754066	定律
2	1	25	0	0	0	667	501	267	19	-1	
3	1	25	1	0	0	667	501	267	19	-1	
4	1	25	1	1	0	667	501	267	19	-1	
5	1	25	1	1	1	667	502	42	17	96.793167	药物
5	1	25	1	1	2	710	502	35	17	89.731117	代谢
5	1	25	1	1	3	758	502	5	17	93.230362	、
5	1	25	1	1	4	764	502	11	17	92.911453	传
5	1	25	1	1	5	784	501	34	19	96.147598	染病
5	1	25	1	1	6	823	502	111	18	45.280632	SSIR/SIS
5	1	25	1	1	7	902	497	23	33	93.020096	模
5	1	25	1	1	8	924	497	14	33	96.726845	型
2	1	26	0	0	0	667	535	90	18	-1	
3	1	26	1	0	0	667	535	90	18	-1	
4	1	26	1	1	0	667	535	90	18	-1	
5	1	26	1	1	1	667	536	54	17	96.007370	热传导
5	1	26	1	1	2	727	531	34	32	96.513367	方程
2	1	27	0	0	0	667	563	193	19	-1	
3	1	27	1	0	0	667	563	193	19	-1	
4	1	27	1	1	0	667	563	193	19	-1	
5	1	27	1	1	1	667	564	35	18	95.126007	波动
5	1	27	1	1	2	710	559	36	33	89.006142	方程
5	1	27	1	1	3	749	565	2	17	89.006142	(
5	1	27	1	1	4	758	564	41	18	93.008728	声波
5	1	27	1	1	5	801	559	15	33	93.195297	、
5	1	27	1	1	6	812	564	36	18	90.058701	振
5	1	27	1	1	7	838	559	15	33	91.978554	动
5	1	27	1	1	8	855	565	5	17	91.978554	)
2	1	28	0	0	0	429	563	119	19	-1	
3	1	28	1	0	0	429	543	228	59	-1	
4	1	28	1	1	0	429	563	119	19	-1	
5	1	28	1	1	1	429	564	52	18	42.918224	was
5	1	28	1	1	2	486	563	62	19	28.452347	rE
2	1	29	0	0	0	667	592	163	18	-1	
3	1	29	1	0	0	667	592	163	18	-1	
4	1	29	1	1	0	667	592	163	18	-1	
5	1	29	1	1	1	667	592	35	18	86.648445	扩散
5	1	29	1	1	2	711	592	34	18	93.180397	方程
5	1	29	1	1	3	751	588	12	32	92.949982	、
5	1	29	1	1	4	758	593	41	17	93.074593	流
5	1	29	1	1	5	783	588	18	32	93.209442	体
5	1	29	1	1	6	812	593	18	17	96.510788	渗流
2	1	30	0	0	0	227	617	91	18	-1	
3	1	30	1	0	0	227	617	91	18	-1	
4	1	30	1	1	0	227	617	91	18	-1	
5	1	30	1	1	1	227	617	91	18	93.303764	机
5	1	30	1	1	2	250	613	22	31	90.264328	理
5	1	30	1	1	3	271	613	16	31	84.770546	分
5	1	30	1	1	4	286	613	19	31	93.183914	析
5	1	30	1	1	5	304	613	18	31	94.011055	法
2	1	31	0	0	0	685	626	290	19	-1	
3	1	31	1	0	0	685	626	290	19	-1	
4	1	31	1	1	0	685	626	290	19	-1	
5	1	31	1	1	1	685	626	36	18	93.292702	力学
5	1	31	1	1	2	729	632	2	10	91.941147	:
5	1	31	1	1	3	747	627	29	17	96.605736	刚体
5	1	31	1	1	4	784	627	34	18	92.929283	平衡
5	1	31	1	1	5	821	622	17	33	93.141632	、
5	1	31	1	1	6	830	626	60	19	84.712280	摩
5	1	31	1	1	7	860	622	19	33	12.415741	擦
5	1	31	1	1	8	879	622	17	33	92.919281	力
5	1	31	1	1	9	895	622	15	33	92.819725	、
5	1	31	1	1	10	904	626	71	18	93.017570	万
5	1	31	1	1	11	928	622	15	33	96.965553	有
5	1	31	1	1	12	942	626	33	18	96.579674	引力
2	1	32	0	0	0	429	669	145	18	-1	
3	1	32	1	0	0	429	669	145	18	-1	
4	1	32	1	1	0	429	669	145	18	-1	
5	1	32	1	1	1	429	670	17	16	93.118690	经
5	1	32	1	1	2	454	669	18	18	93.228874	典
5	1	32	1	1	3	471	665	20	31	92.605049	物
5	1	32	1	1	4	490	670	11	16	93.171906	理
5	1	32	1	1	5	508	669	18	17	93.268227	机
5	1	32	1	1	6	525	665	21	31	92.595421	理
5	1	32	1	1	7	545	669	29	18	96.815262	模型
2	1	33	0	0	0	685	655	291	18	-1	
3	1	33	1	0	0	685	655	291	18	-1	
4	1	33	1	1	0	685	655	291	18	-1	
5	1	33	1	1	1	685	655	36	17	91.807442	电学
5	1	33	1	1	2	729	660	2	11	83.910088	:
5	1	33	1	1	3	747	655	38	18	90.082962	欧姆
5	1	33	1	1	4	794	656	23	17	93.044289	定律
5	1	33	1	1	5	823	651	12	32	92.316933	、
5	1	33	1	1	6	835	655	13	17	92.580467	基
5	1	33	1	1	7	855	655	22	18	86.873848	尔
5	1	33	1	1	8	885	656	10	17	71.511948	霍
5	1	33	1	1	9	895	651	14	32	89.947739	夫
5	1	33	1	1	10	904	655	72	18	72.480850	电路
5	1	33	1	1	11	947	651	32	32	96.672203	模型
2	1	34	0	0	0	685	683	236	18	-1	
3	1	34	1	0	0	685	683	236	18	-1	
4	1	34	1	1	0	685	683	236	18	-1	
5	1	34	1	1	1	685	684	36	17	93.300728	流体
5	1	34	1	1	2	729	689	2	10	92.112404	:
5	1	34	1	1	3	745	684	11	17	92.791183	伯
5	1	34	1	1	4	765	684	20	17	67.275970	努
5	1	34	1	1	5	787	684	6	17	93.148636	利
5	1	34	1	1	6	794	683	42	18	80.883484	方程
5	1	34	1	1	7	843	679	12	32	93.112854	、
5	1	34	1	1	8	849	684	72	17	93.246201	流
5	1	34	1	1	9	875	679	18	32	39.646790	重
5	1	34	1	1	10	893	684	28	17	94.752617	守恒
2	1	35	0	0	0	685	711	218	19	-1	
3	1	35	1	0	0	685	711	218	19	-1	
4	1	35	1	1	0	685	711	218	19	-1	
5	1	35	1	1	1	685	712	54	18	96.914238	热力
5	1	35	1	1	2	730	707	13	33	88.727005	学
5	1	35	1	1	3	747	717	3	11	88.727005	:
5	1	35	1	1	4	765	713	29	16	95.936363	理想
5	1	35	1	1	5	802	712	38	18	96.862831	气体
5	1	35	1	1	6	839	707	27	33	92.033424	状态
5	1	35	1	1	7	874	711	29	19	93.517021	方程
2	1	36	0	0	0	685	746	272	19	-1	
3	1	36	1	0	0	685	746	272	19	-1	
4	1	36	1	1	0	685	746	272	19	-1	
5	1	36	1	1	1	685	747	23	17	92.896378	欧
5	1	36	1	1	2	707	742	24	33	93.209671	拉
5	1	36	1	1	3	730	747	15	17	93.294563	法
5	1	36	1	1	4	744	742	18	33	92.867584	、
5	1	36	1	1	5	761	746	22	19	87.889252	龙
5	1	36	1	1	6	782	742	15	33	93.147209	格
5	1	36	1	1	7	796	755	4	2	93.225487	-
5	1	36	1	1	8	808	747	22	17	92.964272	库
5	1	36	1	1	9	839	747	5	18	83.785591	塔
5	1	36	1	1	10	843	742	40	33	90.687927	(RK4)
5	1	36	1	1	11	891	747	12	18	92.527420	数
5	1	36	1	1	12	912	746	19	18	89.593323	值
5	1	36	1	1	13	930	742	27	33	49.455509	求解
2	1	37	0	0	0	685	775	131	17	-1	
3	1	37	1	0	0	685	775	131	17	-1	
4	1	37	1	1	0	685	775	131	17	-1	
5	1	37	1	1	1	685	775	18	17	92.889572	有
5	1	37	1	1	2	706	776	14	16	89.986740	限
5	1	37	1	1	3	721	775	95	17	96.544716	差分
5	1	37	1	1	4	768	771	16	31	93.098381	法
5	1	37	1	1	5	783	775	33	17	85.235336	FDM
2	1	38	0	0	0	429	754	247	59	-1	
3	1	38	1	0	0	429	754	247	59	-1	
4	1	38	1	1	0	429	754	247	59	-1	
5	1	38	1	1	1	429	775	21	17	93.305206	机
5	1	38	1	1	2	449	767	25	35	91.411995	理
5	1	38	1	1	3	473	775	40	18	96.700737	模型
5	1	38	1	1	4	512	767	26	35	96.858971	求解
5	1	38	1	1	5	545	774	29	18	96.358788	方法
5	1	38	1	1	6	579	754	97	59	75.735611	<
2	1	39	0	0	0	685	803	108	18	-1	
3	1	39	1	0	0	685	803	108	18	-1	
4	1	39	1	1	0	685	803	108	18	-1	
5	1	39	1	1	1	685	803	17	18	93.161522	有
5	1	39	1	1	2	706	804	15	17	90.965347	限
5	1	39	1	1	3	729	804	15	17	92.108292	元
5	1	39	1	1	4	748	804	17	16	96.991982	法
5	1	39	1	1	5	764	803	29	18	82.318649	FEM
2	1	40	0	0	0	447	837	698	19	-1	
3	1	40	1	0	0	447	837	698	19	-1	
4	1	40	1	1	0	447	837	698	19	-1	
5	1	40	1	1	1	447	838	43	17	96.812080	主观
5	1	40	1	1	2	489	838	30	17	96.914154	评价
5	1	40	1	1	3	526	837	30	18	92.082817	模型
5	1	40	1	1	4	560	837	97	18	72.922028	O——
5	1	40	1	1	5	666	838	147	18	94.022797	层次
5	1	40	1	1	6	712	833	16	31	93.303520	分
5	1	40	1	1	7	727	833	23	31	92.397697	析
5	1	40	1	1	8	749	833	14	31	96.934029	法
5	1	40	1	1	9	762	838	51	18	91.710449	(AHP)、
5	1	40	1	1	10	830	837	22	18	92.099403	模
5	1	40	1	1	11	851	833	19	31	50.421906	糊
5	1	40	1	1	12	869	838	36	17	89.245842	综合
5	1	40	1	1	13	906	838	41	17	96.899651	评价
5	1	40	1	1	14	955	851	4	4	93.191986	法
5	1	40	1	1	15	962	833	16	31	93.240944	、
5	1	40	1	1	16	977	837	21	18	92.651222	模
5	1	40	1	1	17	997	833	20	31	87.393616	糊
5	1	40	1	1	18	1016	838	38	17	96.075447	层次
5	1	40	1	1	19	1053	833	18	31	91.839035	分
5	1	40	1	1	20	1070	838	16	17	93.179939	析
5	1	40	1	1	21	1090	838	16	17	93.227501	法
5	1	40	1	1	22	1108	833	37	31	92.889099	FAHP
2	1	41	0	0	0	667	872	412	18	-1	
3	1	41	1	0	0	667	872	412	18	-1	
4	1	41	1	1	0	667	872	412	18	-1	
5	1	41	1	1	1	667	872	36	17	96.508408	灰色
5	1	41	1	1	2	707	872	32	17	96.609795	关联
5	1	41	1	1	3	746	873	11	16	93.268661	分
5	1	41	1	1	4	763	872	23	17	93.117783	析
5	1	41	1	1	5	795	886	4	3	93.203308	法
5	1	41	1	1	6	800	868	17	31	93.268921	、
5	1	41	1	1	7	816	872	22	17	92.461670	主
5	1	41	1	1	8	849	873	10	16	96.978577	成
5	1	41	1	1	9	859	872	18	17	96.951492	分
5	1	41	1	1	10	876	868	16	31	93.273994	分
5	1	41	1	1	11	891	872	17	17	93.056496	析
5	1	41	1	1	12	911	872	16	18	88.654060	法
5	1	41	1	1	13	929	872	46	18	91.075027	(PCA)、
5	1	41	1	1	14	990	873	15	16	91.944435	因
5	1	41	1	1	15	1011	873	13	16	93.110367	子
5	1	41	1	1	16	1031	872	12	17	92.528946	分
5	1	41	1	1	17	1048	872	18	17	93.288330	析
5	1	41	1	1	18	1066	872	13	17	96.283356	法
2	1	42	0	0	0	227	893	109	18	-1	
3	1	42	1	0	0	227	893	109	18	-1	
4	1	42	1	1	0	227	893	109	18	-1	
5	1	42	1	1	1	227	893	109	18	96.937325	评价
5	1	42	1	1	2	271	889	20	32	96.773422	与
5	1	42	1	1	3	291	893	34	18	96.599945	决策
5	1	42	1	1	4	325	889	14	32	96.652863	法
2	1	43	0	0	0	447	879	211	31	-1	
3	1	43	1	0	0	447	879	211	31	-1	
4	1	43	1	1	0	447	879	211	31	-1	
5	1	43	1	1	1	447	879	211	31	13.773918	SURO
2	1	44	0	0	0	666	900	295	18	-1	
3	1	44	1	0	0	666	900	295	18	-1	
4	1	44	1	1	0	666	900	295	18	-1	
5	1	44	1	1	1	666	900	60	18	0.000000	HSRUA,
5	1	44	1	1	2	740	900	117	18	16.955353	CRITICMEA,
5	1	44	1	1	3	870	901	91	17	0.000000	BRRAME
2	1	45	0	0	0	666	934	391	18	-1	
3	1	45	1	0	0	666	934	391	18	-1	
4	1	45	1	1	0	666	934	391	18	-1	
5	1	45	1	1	1	666	935	141	17	91.189896	TOPSIS、VIKOR、
5	1	45	1	1	2	824	935	14	17	81.949692	灰
5	1	45	1	1	3	844	934	18	18	93.168678	色
5	1	45	1	1	4	862	930	40	32	96.663528	综合
5	1	45	1	1	5	902	930	32	32	93.271515	评价
5	1	45	1	1	6	938	930	16	32	92.389023	、
5	1	45	1	1	7	954	935	11	17	92.921074	物
5	1	45	1	1	8	974	935	10	17	94.948547	元
5	1	45	1	1	9	990	935	12	17	92.602516	可
5	1	45	1	1	10	1006	934	14	18	92.917809	拓
5	1	45	1	1	11	1026	934	12	18	92.694710	模
5	1	45	1	1	12	1048	935	9	16	96.925468	型
2	1	46	0	0	0	447	942	211	30	-1	
3	1	46	1	0	0	447	942	211	30	-1	
4	1	46	1	1	0	447	942	211	30	-1	
5	1	46	1	1	1	447	949	43	17	96.689583	综合
5	1	46	1	1	2	491	949	38	17	96.886597	评价
5	1	46	1	1	3	538	938	32	39	93.023109	模型
5	1	46	1	1	4	569	938	18	39	52.652702	c
5	1	46	1	1	5	586	942	28	30	90.649811	一
5	1	46	1	1	6	613	942	45	30	34.451149	一
2	1	47	0	0	0	667	963	354	18	-1	
3	1	47	1	0	0	667	963	354	18	-1	
4	1	47	1	1	0	667	963	354	18	-1	
5	1	47	1	1	1	667	963	17	17	93.287689	组
5	1	47	1	1	2	692	963	10	18	89.750282	合
5	1	47	1	1	3	710	963	11	17	47.089046	赋
5	1	47	1	1	4	726	963	19	18	72.044907	权
5	1	47	1	1	5	770	970	2	10	93.296356	评价
5	1	47	1	1	6	783	968	3	10	91.050446	:
5	1	47	1	1	7	794	963	88	18	0.000000	HEL-AHP.
5	1	47	1	1	8	895	964	126	14	87.115410	CRITIC-TOPSIS
2	1	48	0	0	0	959	998	72	17	-1	
3	1	48	1	0	0	959	998	72	17	-1	
4	1	48	1	1	0	959	998	72	17	-1	
5	1	48	1	1	1	959	994	45	30	96.542603	线性
5	1	48	1	1	2	1003	998	28	17	97.007889	规划
2	1	49	0	0	0	959	1026	90	17	-1	
3	1	49	1	0	0	959	1026	90	17	-1	
4	1	49	1	1	0	959	1026	90	17	-1	
5	1	49	1	1	1	959	1026	90	17	92.446869	非
5	1	49	1	1	2	984	1022	20	31	93.211067	线
5	1	49	1	1	3	1003	1022	18	31	96.589355	性
5	1	49	1	1	4	1020	1026	29	17	96.994003	规划
2	1	50	0	0	0	630	1001	323	66	-1	
3	1	50	1	0	0	630	1001	323	66	-1	
4	1	50	1	1	0	630	1001	323	66	-1	
5	1	50	1	1	1	630	1026	18	17	85.063263	按
5	1	50	1	1	2	655	1026	29	17	96.520767	目标
5	1	50	1	1	3	691	1026	39	18	63.976978	函数
5	1	50	1	1	4	729	1016	19	36	95.785362	及
5	1	50	1	1	5	747	1025	28	18	83.695839	约束
5	1	50	1	1	6	783	1026	16	17	91.417953	条
5	1	50	1	1	7	801	1026	11	17	93.257309	件
5	1	50	1	1	8	819	1026	11	16	96.947014	分
5	1	50	1	1	9	837	1026	11	17	96.015076	类
5	1	50	1	1	10	853	1005	62	58	0.000000	一
5	1	50	1	1	11	915	1001	38	66	83.226006	一
2	1	51	0	0	0	959	1054	72	18	-1	
3	1	51	1	0	0	959	1054	72	18	-1	
4	1	51	1	1	0	959	1054	72	18	-1	
5	1	51	1	1	1	959	1056	23	14	92.802780	二
5	1	51	1	1	2	982	1054	13	17	94.392128	次
5	1	51	1	1	3	1003	1055	28	17	96.642502	规划
2	1	52	0	0	0	905	1089	71	17	-1	
3	1	52	1	0	0	905	1089	71	17	-1	
4	1	52	1	1	0	905	1089	71	17	-1	
5	1	52	1	1	1	901	1085	49	31	92.959824	整数
5	1	52	1	1	2	949	1085	27	31	96.992676	规划
2	1	53	0	0	0	7	1101	109	19	-1	
3	1	53	1	0	0	7	1101	109	19	-1	
4	1	53	1	1	0	7	1101	109	19	-1	
5	1	53	1	1	1	7	1101	109	19	96.681885	核心
5	1	53	1	1	2	52	1097	17	33	92.699524	建
5	1	53	1	1	3	69	1097	19	33	93.153549	模
5	1	53	1	1	4	87	1101	29	19	92.971497	方法
2	1	54	0	0	0	905	1117	108	18	-1	
3	1	54	1	0	0	905	1117	108	18	-1	
4	1	54	1	1	0	905	1117	108	18	-1	
5	1	54	1	1	1	905	1117	35	17	94.322044	混合
5	1	54	1	1	2	951	1113	34	32	95.887970	整数
5	1	54	1	1	3	985	1113	28	32	96.376320	规划
2	1	55	0	0	0	630	1096	266	59	-1	
3	1	55	1	0	0	630	1096	266	59	-1	
4	1	55	1	1	0	630	1096	266	59	-1	
5	1	55	1	1	1	630	1117	26	17	79.756966	按
5	1	55	1	1	2	666	1117	28	17	93.992012	控制
5	1	55	1	1	3	693	1107	35	36	95.611938	变量
5	1	55	1	1	4	727	1117	21	17	96.988464	类
5	1	55	1	1	5	758	1117	10	17	96.581276	型
5	1	55	1	1	6	767	1107	17	36	96.960358	分
5	1	55	1	1	7	783	1117	11	17	95.664726	类
5	1	55	1	1	8	799	1096	97	59	79.478874	<
2	1	56	0	0	0	905	1146	64	17	-1	
3	1	56	1	0	0	905	1146	64	17	-1	
4	1	56	1	1	0	905	1146	64	17	-1	
5	1	56	1	1	1	905	1146	28	15	55.885635	0-1
5	1	56	1	1	2	938	1146	20	17	91.370384	规
5	1	56	1	1	3	964	1146	5	16	93.188896	划
2	1	57	0	0	0	850	1179	199	18	-1	
3	1	57	1	0	0	850	1179	199	18	-1	
4	1	57	1	1	0	850	1179	199	18	-1	
5	1	57	1	1	1	850	1180	28	17	93.187744	单
5	1	57	1	1	2	886	1175	28	32	96.244370	目标
5	1	57	1	1	3	914	1180	32	17	93.300056	规划
5	1	57	1	1	4	946	1175	16	32	93.177094	、
5	1	57	1	1	5	960	1180	16	17	92.299736	多
5	1	57	1	1	6	982	1179	40	18	93.984299	目标
5	1	57	1	1	7	1022	1175	27	32	96.850510	规划
2	1	58	0	0	0	630	1187	211	59	-1	
3	1	58	1	0	0	630	1187	211	59	-1	
4	1	58	1	1	0	630	1187	211	59	-1	
5	1	58	1	1	1	630	1208	18	17	96.920395	其
5	1	58	1	1	2	656	1209	10	16	96.855415	他
5	1	58	1	1	3	672	1209	12	16	96.955124	分
5	1	58	1	1	4	690	1208	12	17	96.759262	类
5	1	58	1	1	5	709	1207	30	19	93.977051	方式
5	1	58	1	1	6	744	1187	97	59	78.054199	<
2	1	59	0	0	0	850	1236	163	18	-1	
3	1	59	1	0	0	850	1236	163	18	-1	
4	1	59	1	1	0	850	1236	163	18	-1	
5	1	59	1	1	1	850	1236	44	18	91.183983	随机
5	1	59	1	1	2	894	1232	34	32	93.010803	规划
5	1	59	1	1	3	928	1232	16	32	90.779884	、
5	1	59	1	1	4	944	1236	14	18	92.267769	确
5	1	59	1	1	5	966	1236	11	17	93.074913	定
5	1	59	1	1	6	986	1237	27	17	96.997467	规划
2	1	60	0	0	0	227	1261	72	18	-1	
3	1	60	1	0	0	227	1261	72	18	-1	
4	1	60	1	1	0	227	1261	72	18	-1	
5	1	60	1	1	1	227	1261	36	17	96.941452	优化
5	1	60	1	1	2	271	1261	28	18	96.711838	模型
2	1	61	0	0	0	667	1270	750	18	-1	
3	1	61	1	0	0	667	1270	750	18	-1	
4	1	61	1	1	0	667	1270	750	18	-1	
5	1	61	1	1	1	667	1266	42	32	94.898666	基础
5	1	61	1	1	2	709	1270	30	18	91.997620	算法
5	1	61	1	1	3	747	1276	3	10	91.997620	:
5	1	61	1	1	4	767	1271	27	17	95.026649	遗传
5	1	61	1	1	5	803	1270	36	18	93.053062	算法
5	1	61	1	1	6	839	1266	40	32	92.960327	GA、
5	1	61	1	1	7	879	1271	14	17	79.233131	粒
5	1	61	1	1	8	901	1271	20	17	93.142502	子
5	1	61	1	1	9	921	1266	18	32	93.042625	群
5	1	61	1	1	10	930	1270	78	18	96.840988	算法
5	1	61	1	1	11	975	1266	50	32	91.877296	PSO、
5	1	61	1	1	12	1025	1271	20	17	88.910034	模
5	1	61	1	1	13	1047	1271	20	17	87.150742	拟
5	1	61	1	1	14	1076	1271	11	17	84.700829	退
5	1	61	1	1	15	1095	1272	6	14	92.813309	火
5	1	61	1	1	16	1101	1266	38	32	91.702606	SA、
5	1	61	1	1	17	1136	1270	80	18	82.517365	蚁
5	1	61	1	1	18	1165	1266	18	32	93.021988	群
5	1	61	1	1	19	1183	1270	33	18	90.794495	ACO、
5	1	61	1	1	20	1235	1271	22	16	92.176826	差
5	1	61	1	1	21	1257	1266	18	32	95.368027	分
5	1	61	1	1	22	1266	1270	66	18	92.808472	进化
5	1	61	1	1	23	1311	1266	40	32	91.302902	DE、
5	1	61	1	1	24	1351	1270	15	18	68.240189	贪
5	1	61	1	1	25	1371	1270	33	18	96.425232	心算
5	1	61	1	1	26	1405	1271	12	16	96.648239	法
2	1	62	0	0	0	668	1299	374	18	-1	
3	1	62	1	0	0	668	1299	374	18	-1	
4	1	62	1	1	0	668	1299	374	18	-1	
5	1	62	1	1	1	668	1299	16	18	96.270309	多
5	1	62	1	1	2	690	1299	31	18	92.269173	目标
5	1	62	1	1	3	729	1300	28	17	93.301468	优化
5	1	62	1	1	4	769	1295	8	30	92.287399	:
5	1	62	1	1	5	777	1299	265	18	88.152374	NSGA-I、MOPSO
5	1	62	1	1	6	935	1295	22	30	92.819695	多
5	1	62	1	1	7	956	1295	40	30	96.509392	目标
5	1	62	1	1	8	995	1295	39	30	93.121887	粒子
5	1	62	1	1	9	1033	1295	12	30	92.895241	群
2	1	63	0	0	0	411	1278	246	59	-1	
3	1	63	1	0	0	411	1278	246	59	-1	
4	1	63	1	1	0	411	1278	246	59	-1	
5	1	63	1	1	1	411	1299	35	18	95.605186	智能
5	1	63	1	1	2	455	1300	28	17	96.445740	优化
5	1	63	1	1	3	490	1298	38	19	96.758522	算法
5	1	63	1	1	4	527	1291	28	35	95.253418	体系
5	1	63	1	1	5	560	1278	97	59	58.105526	<
2	1	64	0	0	0	667	1327	516	18	-1	
3	1	64	1	0	0	667	1327	516	18	-1	
4	1	64	1	1	0	667	1327	516	18	-1	
5	1	64	1	1	1	667	1327	17	18	96.788025	新
5	1	64	1	1	2	693	1328	9	16	93.098404	型
5	1	64	1	1	3	713	1328	16	17	96.612572	元
5	1	64	1	1	4	740	1327	54	18	96.575348	启发
5	1	64	1	1	5	765	1323	32	32	92.949532	算法
5	1	64	1	1	6	803	1333	1	10	85.991280	:
5	1	64	1	1	7	821	1327	20	18	92.779045	飞
5	1	64	1	1	8	849	1328	10	17	29.685715	娥
5	1	64	1	1	9	859	1323	36	32	95.877510	火焰
5	1	64	1	1	10	903	1328	24	17	93.150383	优化
5	1	64	1	1	11	940	1328	7	16	92.787086	、
5	1	64	1	1	12	948	1327	21	18	73.341652	鲸
5	1	64	1	1	13	976	1328	11	17	93.234108	鱼
5	1	64	1	1	14	995	1328	28	17	96.419617	优化
5	1	64	1	1	15	1023	1323	41	32	92.296448	WOA、
5	1	64	1	1	16	1081	1327	14	18	91.064980	麻
5	1	64	1	1	17	1101	1327	12	18	27.441116	泊
5	1	64	1	1	18	1117	1327	24	18	21.601761	搜
5	1	64	1	1	19	1141	1323	14	32	91.697037	索
5	1	64	1	1	20	1151	1328	32	15	92.645966	SSA
2	1	65	0	0	0	648	1361	283	21	-1	
3	1	65	1	0	0	648	1361	283	21	-1	
4	1	65	1	1	0	648	1361	283	21	-1	
5	1	65	1	1	1	648	1362	25	17	96.657745	最
5	1	65	1	1	2	672	1357	37	30	92.697540	短路
5	1	65	1	1	3	711	1362	10	16	91.382690	径
5	1	65	1	1	4	730	1367	1	10	88.028000	:
5	1	65	1	1	5	741	1362	190	20	78.557755	Dijkstra、Floyd、SPFA
2	1	66	0	0	0	648	1390	230	18	-1	
3	1	66	1	0	0	648	1390	230	18	-1	
4	1	66	1	1	0	648	1390	230	18	-1	
5	1	66	1	1	1	648	1390	91	18	96.374802	最
5	1	66	1	1	2	674	1386	17	30	96.777153	小
5	1	66	1	1	3	690	1390	41	18	93.247116	生成
5	1	66	1	1	4	730	1386	14	30	91.429192	树
5	1	66	1	1	5	749	1395	1	10	88.222427	:
5	1	66	1	1	6	759	1390	119	17	92.483719	Prim、Kruskal
2	1	67	0	0	0	649	1417	236	19	-1	
3	1	67	1	0	0	649	1417	236	19	-1	
4	1	67	1	1	0	649	1417	236	19	-1	
5	1	67	1	1	1	649	1419	16	17	93.276115	网
5	1	67	1	1	2	673	1417	11	18	93.164818	络
5	1	67	1	1	3	692	1419	11	17	92.504608	流
5	1	67	1	1	4	711	1423	2	11	92.337738	:
5	1	67	1	1	5	729	1418	20	18	96.880882	最
5	1	67	1	1	6	748	1413	19	33	92.717522	大
5	1	67	1	1	7	766	1419	15	17	93.100060	流
5	1	67	1	1	8	783	1413	17	33	93.240417	、
5	1	67	1	1	9	794	1419	91	17	92.032440	最
5	1	67	1	1	10	822	1413	17	33	96.659309	小
5	1	67	1	1	11	838	1419	34	17	92.906326	费用
5	1	67	1	1	12	871	1413	18	33	92.481522	流
2	1	68	0	0	0	649	1446	363	19	-1	
3	1	68	1	0	0	649	1446	363	19	-1	
4	1	68	1	1	0	649	1446	363	19	-1	
5	1	68	1	1	1	645	1442	28	32	93.076424	路
5	1	68	1	1	2	673	1447	20	18	92.795883	径
5	1	68	1	1	3	693	1442	20	32	92.952621	规
5	1	68	1	1	4	715	1447	11	17	93.256317	划
5	1	68	1	1	5	727	1442	16	32	93.232018	、
5	1	68	1	1	6	740	1448	32	16	91.119987	二
5	1	68	1	1	7	763	1442	20	32	96.712120	分
5	1	68	1	1	8	795	1448	10	16	96.935944	图
5	1	68	1	1	9	813	1448	23	16	93.304283	匹配
5	1	68	1	1	10	837	1442	18	32	92.724785	、
5	1	68	1	1	11	855	1448	11	16	92.998909	网
5	1	68	1	1	12	875	1446	9	18	93.278877	络
5	1	68	1	1	13	891	1447	30	18	96.832649	节点
5	1	68	1	1	14	929	1447	29	18	93.290649	重要
5	1	68	1	1	15	963	1446	12	19	89.016800	度
5	1	68	1	1	16	983	1448	11	16	93.300850	分
5	1	68	1	1	17	999	1448	13	16	92.831032	析
2	1	69	0	0	0	685	1481	929	19	-1	
3	1	69	1	0	0	685	1481	929	19	-1	
4	1	69	1	1	0	685	1481	929	19	-1	
5	1	69	1	1	1	685	1481	72	18	96.506050	传统
5	1	69	1	1	2	729	1477	18	32	93.299751	时
5	1	69	1	1	3	747	1477	14	32	92.372414	序
5	1	69	1	1	4	769	1486	1	10	92.372414	:
5	1	69	1	1	5	776	1481	228	18	91.704506	ARIMA、SARIMA
5	1	69	1	1	6	927	1477	22	32	86.644539	季
5	1	69	1	1	7	949	1477	20	32	79.813232	节
5	1	69	1	1	8	969	1477	22	32	93.236542	时
5	1	69	1	1	9	991	1477	16	32	92.661118	序
5	1	69	1	1	10	1017	1481	6	18	93.169029	、
5	1	69	1	1	11	1024	1481	11	17	92.757484	指
5	1	69	1	1	12	1043	1481	20	18	92.837044	数
5	1	69	1	1	13	1072	1482	11	17	89.216682	平
5	1	69	1	1	14	1091	1495	4	4	78.778473	滑
5	1	69	1	1	15	1109	1481	131	18	92.132812	、VAR
5	1	69	1	1	16	1149	1477	22	32	90.600487	向
5	1	69	1	1	17	1171	1477	18	32	90.282463	量
5	1	69	1	1	18	1189	1477	20	32	93.066360	自
5	1	69	1	1	19	1209	1477	32	32	90.091949	回归
5	1	69	1	1	20	1241	1477	18	32	69.324554	、
5	1	69	1	1	21	1259	1481	12	18	93.153404	灰
5	1	69	1	1	22	1277	1481	12	18	92.267967	色
5	1	69	1	1	23	1297	1482	22	17	74.055481	预
5	1	69	1	1	24	1321	1481	14	18	86.233833	测
5	1	69	1	1	25	1335	1481	66	19	54.722839	GM(1,1)、
5	1	69	1	1	26	1419	1481	13	18	92.515411	灰
5	1	69	1	1	27	1437	1481	13	18	87.343277	色
5	1	69	1	1	28	1451	1481	78	18	96.688187	马尔
5	1	69	1	1	29	1497	1477	16	32	90.866180	可
5	1	69	1	1	30	1513	1477	16	32	92.444611	夫
5	1	69	1	1	31	1529	1477	18	32	93.263733	、
5	1	69	1	1	32	1542	1481	72	18	92.895340	长
5	1	69	1	1	33	1569	1477	18	32	96.376350	期
5	1	69	1	1	34	1587	1481	27	18	96.161224	预测
2	1	70	0	0	0	465	1509	108	19	-1	
3	1	70	1	0	0	465	1509	108	19	-1	
4	1	70	1	1	0	465	1509	108	19	-1	
5	1	70	1	1	1	465	1509	22	17	93.289795	时
5	1	70	1	1	2	488	1510	12	17	92.306992	间
5	1	70	1	1	3	507	1510	20	17	93.033676	序
5	1	70	1	1	4	531	1510	16	18	93.141159	列
5	1	70	1	1	5	556	1510	9	16	91.259087	预
5	1	70	1	1	6	569	1509	4	18	91.794182	测
2	1	71	0	0	0	685	1509	467	21	-1	
3	1	71	1	0	0	685	1509	467	21	-1	
4	1	71	1	1	0	685	1509	467	21	-1	
5	1	71	1	1	1	685	1509	24	18	96.180305	机
5	1	71	1	1	2	708	1505	21	29	96.302406	器
5	1	71	1	1	3	728	1510	11	17	93.292755	学
5	1	71	1	1	4	746	1510	10	16	93.274849	习
5	1	71	1	1	5	764	1509	11	17	92.447258	时
5	1	71	1	1	6	782	1510	12	17	92.166183	序
5	1	71	1	1	7	804	1514	1	11	90.870636	:
5	1	71	1	1	8	814	1509	202	20	91.978813	Prophet、XGBoost
5	1	71	1	1	9	980	1505	22	29	91.938522	时
5	1	71	1	1	10	1001	1505	21	29	91.639618	序
5	1	71	1	1	11	1031	1509	121	21	92.381798	、LightGBM
5	1	71	1	1	12	1117	1505	23	29	90.398781	时
5	1	71	1	1	13	1139	1505	17	29	92.676460	序
2	1	72	0	0	0	685	1537	880	19	-1	
3	1	72	1	0	0	685	1537	880	19	-1	
4	1	72	1	1	0	685	1537	880	19	-1	
5	1	72	1	1	1	685	1537	119	19	96.683708	深度
5	1	72	1	1	2	729	1533	16	31	93.289505	学
5	1	72	1	1	3	744	1533	21	31	93.296150	习
5	1	72	1	1	4	764	1533	18	31	93.303116	时
5	1	72	1	1	5	781	1533	17	31	91.999512	序
5	1	72	1	1	6	803	1533	8	31	86.950195	:
5	1	72	1	1	7	816	1539	18	15	91.691933	BP
5	1	72	1	1	8	839	1538	13	17	92.119286	神
5	1	72	1	1	9	859	1538	22	17	96.884659	经
5	1	72	1	1	10	890	1537	12	18	93.269112	网
5	1	72	1	1	11	909	1552	4	3	88.214310	络
5	1	72	1	1	12	927	1537	155	18	92.322617	、RNN
5	1	72	1	1	13	973	1533	22	31	87.002983	循
5	1	72	1	1	14	994	1533	19	31	93.226021	环
5	1	72	1	1	15	1012	1533	38	31	96.875305	神经
5	1	72	1	1	16	1049	1533	22	31	93.278198	网
5	1	72	1	1	17	1070	1533	18	31	69.306900	络
5	1	72	1	1	18	1096	1538	144	17	92.836296	、LSTM
5	1	72	1	1	19	1147	1533	23	31	90.486809	长
5	1	72	1	1	20	1169	1538	38	17	96.504173	短期
5	1	72	1	1	21	1206	1533	33	31	92.954666	记忆
5	1	72	1	1	22	1253	1537	151	18	93.093285	、TCN
5	1	72	1	1	23	1291	1533	22	31	90.105522	时
5	1	72	1	1	24	1312	1533	22	31	92.949974	序
5	1	72	1	1	25	1333	1533	21	31	92.717415	卷
5	1	72	1	1	26	1353	1533	18	31	87.444061	积
5	1	72	1	1	27	1370	1533	23	31	93.176308	网
5	1	72	1	1	28	1392	1533	18	31	73.213669	络
5	1	72	1	1	29	1417	1538	148	18	92.935669	、GRU
5	1	72	1	1	30	1459	1533	23	31	92.330162	门
5	1	72	1	1	31	1481	1533	20	31	93.196289	控
5	1	72	1	1	32	1500	1533	20	31	84.089958	循
5	1	72	1	1	33	1519	1533	19	31	93.196556	环
5	1	72	1	1	34	1537	1533	32	31	96.661125	单元
2	1	73	0	0	0	227	1586	127	18	-1	
3	1	73	1	0	0	227	1586	127	18	-1	
4	1	73	1	1	0	227	1586	127	18	-1	
5	1	73	1	1	1	227	1587	26	17	85.584839	预
5	1	73	1	1	2	258	1586	4	18	0.000000	则
5	1	73	1	1	3	271	1587	18	17	56.457062	与
5	1	73	1	1	4	291	1587	8	8	96.813576	分
5	1	73	1	1	5	307	1586	10	18	96.403488	类
5	1	73	1	1	6	323	1586	31	18	96.755112	模型
2	1	74	0	0	0	466	1580	173	30	-1	
3	1	74	1	0	0	466	1580	173	30	-1	
4	1	74	1	1	0	466	1580	173	30	-1	
5	1	74	1	1	1	466	1586	34	18	93.288696	回归
5	1	74	1	1	2	509	1586	20	18	84.448952	预
5	1	74	1	1	3	528	1576	15	38	81.870712	则
5	1	74	1	1	4	542	1576	23	38	37.052650	c
5	1	74	1	1	5	564	1580	29	30	91.784149	一
5	1	74	1	1	6	592	1580	47	30	45.296349	一
2	1	75	0	0	0	649	1572	582	20	-1	
3	1	75	1	0	0	649	1572	582	20	-1	
4	1	75	1	1	0	649	1572	582	20	-1	
5	1	75	1	1	1	649	1567	45	31	96.180908	基础
5	1	75	1	1	2	693	1572	27	18	92.154503	回归
5	1	75	1	1	3	729	1577	2	10	88.857773	:
5	1	75	1	1	4	741	1572	143	20	91.246567	Logistic
5	1	75	1	1	5	813	1567	20	31	92.276360	预
5	1	75	1	1	6	832	1567	19	31	93.199150	测
5	1	75	1	1	7	850	1567	40	31	93.263351	模型
5	1	75	1	1	8	889	1567	12	31	93.018478	、
5	1	75	1	1	9	900	1572	14	18	93.194542	多
5	1	75	1	1	10	920	1573	13	17	96.843643	元
5	1	75	1	1	11	941	1572	29	17	96.822693	线性
5	1	75	1	1	12	978	1572	34	18	93.263840	回归
5	1	75	1	1	13	1011	1567	20	31	90.951553	、
5	1	75	1	1	14	1030	1572	24	18	74.298813	岭
5	1	75	1	1	15	1062	1572	16	18	95.431366	回归
5	1	75	1	1	16	1081	1572	150	18	91.994736	Ridge、Lasso
5	1	75	1	1	17	1201	1567	18	31	89.736259	回
5	1	75	1	1	18	1218	1567	16	31	90.023994	归
2	1	76	0	0	0	648	1600	661	18	-1	
3	1	76	1	0	0	648	1600	661	18	-1	
4	1	76	1	1	0	648	1600	661	18	-1	
5	1	76	1	1	1	648	1600	22	18	96.723946	机
5	1	76	1	1	2	670	1596	22	32	96.675827	器
5	1	76	1	1	3	692	1601	11	17	92.436157	学
5	1	76	1	1	4	710	1601	9	17	93.274178	习
5	1	76	1	1	5	728	1600	28	18	93.008949	回归
5	1	76	1	1	6	765	1606	3	10	87.444489	:
5	1	76	1	1	7	784	1596	36	32	96.440987	支持
5	1	76	1	1	8	820	1601	9	17	92.943390	向
5	1	76	1	1	9	838	1601	10	17	91.812622	量
5	1	76	1	1	10	858	1600	26	18	93.303535	回归
5	1	76	1	1	11	888	1601	37	17	92.397392	SVR、
5	1	76	1	1	12	942	1600	21	18	91.183670	随
5	1	76	1	1	13	964	1600	18	18	96.991463	机
5	1	76	1	1	14	982	1596	28	32	80.952324	森林
5	1	76	1	1	15	1020	1600	32	18	93.133751	回归
5	1	76	1	1	16	1066	1600	116	18	92.310211	、XGBoost
5	1	76	1	1	17	1148	1596	20	32	92.690735	回
5	1	76	1	1	18	1168	1596	14	32	78.164001	归
5	1	76	1	1	19	1196	1600	113	18	80.326828	、CatBoost
5	1	76	1	1	20	1280	1596	18	32	92.886642	回
5	1	76	1	1	21	1298	1596	14	32	59.196999	归
2	1	77	0	0	0	685	1634	321	21	-1	
3	1	77	1	0	0	685	1634	321	21	-1	
4	1	77	1	1	0	685	1634	321	21	-1	
5	1	77	1	1	1	685	1630	43	30	96.715042	传统
5	1	77	1	1	2	727	1635	12	17	96.987869	分
5	1	77	1	1	3	746	1635	11	17	89.610252	类
5	1	77	1	1	4	765	1640	3	10	82.437119	:
5	1	77	1	1	5	777	1635	125	20	91.792831	Logistic
5	1	77	1	1	6	847	1630	20	30	92.903030	二
5	1	77	1	1	7	866	1630	22	30	96.948479	分
5	1	77	1	1	8	887	1630	16	30	93.125290	类
5	1	77	1	1	9	915	1635	6	18	92.964760	、
5	1	77	1	1	10	926	1634	7	19	89.403717	朴
5	1	77	1	1	11	941	1634	22	18	91.443214	素
5	1	77	1	1	12	962	1630	16	30	92.096581	贝
5	1	77	1	1	13	977	1635	11	17	25.245598	叶
5	1	77	1	1	14	996	1634	10	18	96.113220	斯
2	1	78	0	0	0	465	1663	109	18	-1	
3	1	78	1	0	0	465	1663	109	18	-1	
4	1	78	1	1	0	465	1663	109	18	-1	
5	1	78	1	1	1	465	1664	18	16	96.928932	分
5	1	78	1	1	2	488	1663	20	18	96.926010	类
5	1	78	1	1	3	513	1663	24	17	96.614792	判别
5	1	78	1	1	4	546	1663	28	18	94.980629	模型
2	1	79	0	0	0	685	1662	597	19	-1	
3	1	79	1	0	0	685	1662	597	19	-1	
4	1	79	1	1	0	685	1662	597	19	-1	
5	1	79	1	1	1	681	1658	27	33	96.272179	机
5	1	79	1	1	2	707	1663	22	18	96.521301	器
5	1	79	1	1	3	728	1658	17	33	93.220856	学
5	1	79	1	1	4	744	1664	12	16	92.914040	习
5	1	79	1	1	5	763	1664	12	16	96.906311	分
5	1	79	1	1	6	782	1663	11	18	93.284912	类
5	1	79	1	1	7	802	1668	2	2	91.146416	:
5	1	79	1	1	8	819	1664	32	15	96.896027	SVM
5	1	79	1	1	9	858	1658	40	33	95.653099	支持
5	1	79	1	1	10	897	1663	9	17	93.301521	向
5	1	79	1	1	11	916	1663	17	17	92.760307	量
5	1	79	1	1	12	934	1664	15	16	93.277237	机
5	1	79	1	1	13	949	1658	19	33	92.552208	、
5	1	79	1	1	14	967	1664	13	17	92.977013	决
5	1	79	1	1	15	988	1662	21	19	93.249069	策
5	1	79	1	1	16	1018	1677	4	3	89.101822	树
5	1	79	1	1	17	1025	1658	17	33	92.898010	、
5	1	79	1	1	18	1041	1663	19	18	92.709198	随
5	1	79	1	1	19	1060	1663	20	18	96.968864	机
5	1	79	1	1	20	1079	1658	34	33	59.774319	森林
5	1	79	1	1	21	1127	1663	155	18	92.685051	、AdaBoost
5	1	79	1	1	22	1217	1658	21	33	87.456146	集
5	1	79	1	1	23	1237	1658	20	33	96.932861	成
5	1	79	1	1	24	1256	1658	15	33	92.724274	学
5	1	79	1	1	25	1270	1658	16	33	92.543655	习
2	1	80	0	0	0	466	1698	72	15	-1	
3	1	80	1	0	0	466	1698	72	15	-1	
4	1	80	1	1	0	466	1698	72	15	-1	
5	1	80	1	1	1	466	1698	72	15	90.420731	MATLAB
2	1	81	0	0	0	685	1691	286	18	-1	
3	1	81	1	0	0	685	1691	286	18	-1	
4	1	81	1	1	0	685	1691	286	18	-1	
5	1	81	1	1	1	685	1693	17	16	92.780228	图
5	1	81	1	1	2	710	1692	14	17	92.424255	像
5	1	81	1	1	3	723	1686	13	31	91.873932	/
5	1	81	1	1	4	735	1692	20	17	93.242317	特
5	1	81	1	1	5	754	1686	20	31	93.096832	征
5	1	81	1	1	6	774	1692	9	17	96.912727	分
5	1	81	1	1	7	791	1692	10	17	91.631897	类
5	1	81	1	1	8	810	1697	2	10	91.631897	:
5	1	81	1	1	9	830	1693	30	14	92.758034	CNN
5	1	81	1	1	10	867	1692	22	17	90.710732	卷
5	1	81	1	1	11	888	1686	18	31	92.612816	积
5	1	81	1	1	12	898	1691	73	18	96.515213	神经
5	1	81	1	1	13	942	1686	18	31	93.298363	网
5	1	81	1	1	14	960	1686	14	31	93.186241	络
2	1	82	0	0	0	246	1705	210	30	-1	
3	1	82	1	0	0	246	1705	210	30	-1	
4	1	82	1	1	0	246	1705	210	30	-1	
5	1	82	1	1	1	246	1711	46	18	96.886261	实现
5	1	82	1	1	2	300	1712	28	17	57.720280	编程
5	1	82	1	1	3	338	1701	30	38	92.477753	语言
5	1	82	1	1	4	367	1701	18	38	43.957081	c
5	1	82	1	1	5	384	1705	29	30	91.019272	一
5	1	82	1	1	6	413	1705	43	30	66.538559	一
2	1	83	0	0	0	466	1726	59	20	-1	
3	1	83	1	0	0	466	1726	59	20	-1	
4	1	83	1	1	0	466	1726	59	20	-1	
5	1	83	1	1	1	466	1726	59	20	95.621460	Python
2	1	84	0	0	0	7	1757	127	18	-1	
3	1	84	1	0	0	7	1757	127	18	-1	
4	1	84	1	1	0	7	1757	127	18	-1	
5	1	84	1	1	1	7	1757	46	18	96.588432	模型
5	1	84	1	1	2	53	1753	36	32	96.385353	求解
5	1	84	1	1	3	89	1757	16	18	96.905525	与
5	1	84	1	1	4	105	1753	29	32	96.606705	检验
2	1	85	0	0	0	465	1760	490	18	-1	
3	1	85	1	0	0	465	1760	490	18	-1	
4	1	85	1	1	0	465	1760	490	18	-1	
5	1	85	1	1	1	465	1760	137	18	95.693123	误差
5	1	85	1	1	2	511	1756	18	32	93.077690	分
5	1	85	1	1	3	529	1756	10	32	92.307465	析
5	1	85	1	1	4	547	1756	8	32	92.880814	:
5	1	85	1	1	5	567	1760	388	18	84.073875	MAE、MSE、RMSE、MAPE
5	1	85	1	1	6	797	1756	22	32	89.645470	平
5	1	85	1	1	7	819	1756	18	32	93.284775	均
5	1	85	1	1	8	837	1756	34	32	96.180626	绝对
5	1	85	1	1	9	871	1760	56	18	96.918335	百分比
5	1	85	1	1	10	927	1756	32	32	95.626816	误差
2	1	86	0	0	0	465	1788	438	18	-1	
3	1	86	1	0	0	465	1788	438	18	-1	
4	1	86	1	1	0	465	1788	438	18	-1	
5	1	86	1	1	1	465	1784	44	32	96.910995	验证
5	1	86	1	1	2	509	1788	29	18	93.302658	方法
5	1	86	1	1	3	547	1794	1	10	67.760239	:
5	1	86	1	1	4	561	1789	6	15	67.760239	K
5	1	86	1	1	5	571	1788	15	18	92.423195	折
5	1	86	1	1	6	591	1789	30	17	92.958084	交叉
5	1	86	1	1	7	631	1788	33	18	93.256607	验证
5	1	86	1	1	8	667	1784	18	32	93.176476	、
5	1	86	1	1	9	685	1788	20	18	92.440872	留
5	1	86	1	1	10	714	1789	11	16	93.496262	出
5	1	86	1	1	11	733	1802	4	4	93.279541	法
5	1	86	1	1	12	739	1784	14	32	93.224449	、
5	1	86	1	1	13	753	1789	14	17	90.388084	训
5	1	86	1	1	14	775	1789	11	16	70.978210	练
5	1	86	1	1	15	795	1789	12	17	93.212753	集
5	1	86	1	1	16	812	1788	91	18	85.847153	/测试
5	1	86	1	1	17	859	1784	14	32	93.159386	集
5	1	86	1	1	18	873	1784	16	32	93.224091	划
5	1	86	1	1	19	889	1784	18	32	94.876236	分
2	1	87	0	0	0	245	1803	109	17	-1	
3	1	87	1	0	0	245	1803	109	17	-1	
4	1	87	1	1	0	245	1803	109	17	-1	
5	1	87	1	1	1	245	1799	45	31	91.181412	模型
5	1	87	1	1	2	289	1799	34	31	96.897095	验证
5	1	87	1	1	3	322	1803	32	17	93.941025	检验
2	1	88	0	0	0	465	1845	218	19	-1	
3	1	88	1	0	0	465	1845	218	19	-1	
4	1	88	1	1	0	465	1845	218	19	-1	
5	1	88	1	1	1	465	1845	96	18	80.079269	灵敏
5	1	88	1	1	2	510	1841	20	33	92.585304	度
5	1	88	1	1	3	529	1841	17	33	93.303337	分
5	1	88	1	1	4	545	1841	15	33	91.477989	析
5	1	88	1	1	5	560	1841	19	33	92.958145	、
5	1	88	1	1	6	578	1841	22	33	92.955185	参
5	1	88	1	1	7	599	1845	19	19	93.139679	数
5	1	88	1	1	8	617	1845	66	19	0.000000	扰动
5	1	88	1	1	9	656	1841	16	33	92.862320	分
5	1	88	1	1	10	671	1841	15	33	92.808212	析
