year,problem,paper,pages,median_text_lines_per_page,median_paragraph_candidates_per_page,median_han_per_page,heading_candidates,caption_candidates,equation_line_candidates,caption_pages,equation_pages,fallback_pages,unconfirmed_pages,models_in_chain,section_sequence,detected_section_count,摘要_page,问题重述_page,问题分析_page,模型假设_page,符号说明_page,模型建立_page,模型求解_page,结果分析_page,模型检验_page,灵敏度分析_page,模型评价_page,改进方案_page,参考文献_page,附录_page
2020,A,A070,34,44.0,6.0,234.5,75,23,198,4、5、6、8、10、11、12、13、17、18、19、20、21、22、23、24,3、4、5、6、7、8、9、10、12、13、15、16、18、19、20、21、23、25、26、27、28、29、30、31、32、33、34,26,18,微分方程、有限元、有限差分、多目标、模拟退火、0-1、守恒,摘要 -> 模型检验 -> 问题重述 -> 问题分析 -> 模型假设 -> 符号说明 -> 模型建立 -> 模型求解 -> 结果分析 -> 模型评价 -> 改进方案 -> 参考文献,12,1,2,2,3,3,4,8,10,1,,24,24,25,
2020,A,A147,89,47,0,101,70,18,1272,3、6、7、8、9、10、15、16、17、19、22、25,1、4、5、6、7、8、9、10、11、12、13、14、15、16、17、18、19、20、21、22、23、24、28、29、30、31、32、33、34、35、36、37、38、39、40、41、42、43、44、45、46、47、48、49、50、51、52、53、54、55、56、57、58、59、60、61、62、63、64、65、66、67、68、69、70、71、72、73、74、75、76、77、78、79、80、81、82、83、84、85、86、87、88、89,58,44,微分方程、多目标、守恒、0-1、ODE,摘要 -> 问题重述 -> 问题分析 -> 模型建立 -> 符号说明 -> 模型求解 -> 结果分析 -> 灵敏度分析 -> 模型评价 -> 参考文献 -> 附录,11,1,2,3,,4,3,12,15,,16,25,,26,27
2020,A,A195,42,38.0,3.0,187.0,59,21,428,2、3、4、5、8、9、10、11、12、14、15、19、20,1、4、5、6、7、8、9、10、11、12、13、16、17、18、19、22、23、24、25、26、27、28、29、30、31、32、33、34、35、36、37、38、39、40、41、42,36,25,有限差分、多目标、遗传算法、PDE、偏微分方程、微分方程、有限元、ODE、线性规划、非线性规划、0-1,摘要 -> 模型求解 -> 问题重述 -> 模型假设 -> 符号说明 -> 问题分析 -> 模型建立 -> 模型检验 -> 参考文献 -> 附录,10,1,2,4,3,3,6,1,,9,,,,21,22
2020,A,A212,26,48.5,6.0,277.0,50,14,286,5、6、9、10、11、12、13、14、16、17,4、5、6、7、8、9、10、11、12、14、15、18、19、20、21、22、23、24、25、26,17,13,守恒、微分方程、多目标、模拟退火、线性规划、非线性规划,摘要 -> 模型建立 -> 模型评价 -> 改进方案 -> 问题重述 -> 问题分析 -> 模型求解 -> 模型假设 -> 符号说明 -> 结果分析 -> 参考文献 -> 附录,12,1,2,3,4,4,1,3,14,,,1,1,17,18
2020,B,B078,50,45.0,8.0,307.5,49,8,517,3、8、9、10、11、12、16,4、5、6、7、8、9、10、12、13、14、15、16、17、18、19、20、23、24、25、26、27、28、29、30、31、32、33、34、35、36、37、38、39、40、41、42、43、44、45、46、47、48,34,19,蒙特卡洛、最短路、Floyd、ODE,摘要 -> 灵敏度分析 -> 改进方案 -> 问题重述 -> 问题分析 -> 模型求解 -> 模型假设 -> 符号说明 -> 模型建立 -> 结果分析 -> 模型评价 -> 参考文献,12,1,2,2,3,3,4,3,9,,1,21,1,22,
2020,B,B108,104,45.5,2.0,150.0,78,17,1056,6、10、11、12、13、14、15、16、18、23、24、25、26,4、5、6、7、8、9、10、13、14、15、16、17、18、19、22、23、24、25、26、30、31、32、33、34、35、36、37、38、39、40、41、42、43、44、45、46、47、48、49、50、51、52、53、54、55、56、57、58、59、60、61、62、63、64、65、66、67、68、69、70、71、72、73、74、75、76、77、78、79、80、81、82、83、84、85、86、87、88、89、90、91、92、93、94、95、96、97、98、99、100、101、102、103、104,23,15,最短路,摘要 -> 灵敏度分析 -> 问题重述 -> 符号说明 -> 模型求解 -> 结果分析 -> 参考文献 -> 附录,8,1,2,,,4,,10,13,,1,,,29,29
2020,B,B125,34,32.5,6.0,282.5,44,9,185,3、13、14、22、23、24,2、5、6、7、11、12、13、14、15、16、17、18、19、20、21、22、24、25、29、30、31、32、33、34,28,11,Floyd、最短路,摘要 -> 问题重述 -> 问题分析 -> 符号说明 -> 模型建立 -> 模型求解 -> 模型评价 -> 参考文献 -> 附录,9,1,2,3,,4,4,4,,,,26,,26,27
2020,B,B175,39,46,9,419,98,16,339,7、8、9、10、12、13、14、15、16、19、20、26,5、6、7、9、10、11、12、13、16、17、18、19、22、23、24、25、27、30、31、32、33、34、35、36、37、38、39,11,2,ODE、最短路,摘要 -> 问题重述 -> 问题分析 -> 模型假设 -> 模型建立 -> 符号说明 -> 结果分析 -> 模型求解 -> 改进方案 -> 参考文献 -> 附录,11,1,2,3,4,4,4,12,7,,,,26,28,29
2020,C,C109,77,48,6,213,935,31,445,4、6、9、10、11、12、13、14、15、16、17、18、19、20、21、22、23、24、25、26、27,6、7、8、9、10、11、12、13、14、16、17、19、23、25、27、31、35、36、41、49、55、58、59、60、61、62、63、64、65、66、67、68、69、70、71、72、73、74、75、76、77,50,15,多目标、线性规划、非线性规划、回归、0-1、AHP、层次分析、ODE、XGBoost、Logistic、VAR,摘要 -> 结果分析 -> 问题分析 -> 模型建立 -> 模型假设 -> 符号说明 -> 模型求解 -> 模型评价 -> 改进方案 -> 参考文献,10,1,,2,3,3,2,12,1,,,28,28,30,
2020,C,C142,45,46,8,365,55,23,417,3、4、8、10、12、14、15、17、18、20、21、23、24、25、26、27,6、7、9、10、11、12、13、14、15、18、19、21、22、23、24、25、27、30、31、32、33、34、35、36、37、38、39、40、41、42、43、44、45,36,23,线性规划、遗传算法、非线性规划、主成分、Logistic、回归、ODE、VAR、PCA,摘要 -> 模型建立 -> 问题重述 -> 问题分析 -> 符号说明 -> 模型假设 -> 模型求解 -> 改进方案 -> 灵敏度分析 -> 模型评价 -> 参考文献 -> 附录,12,1,2,2,4,4,1,13,,,25,27,17,28,28
2020,C,C170,40,35.0,9.0,433.0,206,25,133,4、6、7、9、13、14、16、17、18、20、21、22、24、25、27、28、29、31、32,7、8、11、12、14、15、16、17、19、21、22、23、24、25、27、30、33、35、36、37、38、39、40,25,10,回归、TOPSIS、0-1、熵权、VAR,摘要 -> 问题重述 -> 模型建立 -> 问题分析 -> 模型求解 -> 模型假设 -> 符号说明 -> 模型检验 -> 模型评价 -> 参考文献 -> 附录,11,1,2,3,5,5,3,4,,25,,33,,34,35
2020,C,C227,35,40,6,291,393,11,285,9、10、11、16、17、19,3、4、5、6、7、8、9、12、13、14、15、17、18、20、24、25、26、27、28、29、30、31、32、33、34、35,27,22,Logistic、XGBoost、回归、聚类、随机森林、多目标、0-1、线性规划、非线性规划、ODE,摘要 -> 模型求解 -> 问题重述 -> 问题分析 -> 模型假设 -> 符号说明 -> 模型建立 -> 模型评价 -> 改进方案 -> 参考文献,10,1,2,2,3,3,8,1,,,,19,19,19,
2020,C,C305,53,49,6,199,2032,15,266,3、5、6、7、8、11、12、13、14、16、17、18,4、7、8、10、11、14、15、16、18、19、20、22、23、42、43、44、45、46、47、48、49、50、51、52、53,47,44,Logistic、回归、0-1、多目标、ODE、PCA、主成分,摘要 -> 附录 -> 改进方案 -> 问题重述 -> 问题分析 -> 模型假设 -> 模型建立 -> 符号说明 -> 结果分析 -> 模型评价 -> 参考文献 -> 模型求解,12,1,2,2,4,4,4,44,11,,,21,1,22,1
2021,A,A028,38,39.0,7.5,240.0,72,14,370,6、8、9、11、13、14、15、16、17、18、21,1、2、5、6、7、8、9、10、11、12、13、14、16、17、18、19、20、21、25、26、27、28、29、30、31、32、33、34、35、36、37、38,16,14,蒙特卡洛、VAR,摘要 -> 问题重述 -> 问题分析 -> 模型求解 -> 符号说明 -> 模型假设 -> 模型建立 -> 结果分析 -> 模型检验 -> 模型评价 -> 改进方案 -> 参考文献,12,1,2,2,4,4,5,2,7,21,,22,22,23,
2021,A,A115,35,39,6,234,58,18,362,2、3、4、5、10、11、13、16、17、18、19、21,1、3、6、7、8、9、10、12、13、14、15、16、17、18、19、20、21、23、24、25、26、27、28、29、30、31、32、33、34、35,30,17,,摘要 -> 模型求解 -> 结果分析 -> 灵敏度分析 -> 问题重述 -> 问题分析 -> 模型假设 -> 符号说明 -> 模型建立 -> 模型评价 -> 参考文献 -> 附录,12,1,2,3,4,5,5,1,1,,1,21,,22,23
2021,A,A217,59,36,3,79,2065,12,494,4、5、7、8、9、10、14、15、18、19,1、2、3、4、5、6、7、8、9、10、11、12、13、14、15、16、17、18、21、22、23、24、25、26、27、28、29、30、31、32、33、34、35、36、37、38、39、40、41、42、43、44、45、46、47、48、49、50、51、52、53,54,38,蒙特卡洛、PCA、0-1、VAR、ODE,摘要 -> 问题重述 -> 模型建立 -> 符号说明 -> 问题分析 -> 模型求解 -> 结果分析 -> 模型评价 -> 参考文献,9,1,2,3,,3,2,8,18,,,20,,20,
2021,B,B007,45,31,7,249,52,17,137,6、8、9、10、11、12、13、17、18、23、25、26、27,4、6、7、9、11、12、13、14、15、16、18、19、20、25、26、27、29、31、32、33、34、35、36、37、38、39、40、41、42、43,40,17,回归、聚类、0-1、VAR、ODE,摘要 -> 问题重述 -> 问题分析 -> 模型假设 -> 符号说明 -> 模型建立 -> 结果分析 -> 模型检验 -> 改进方案 -> 模型求解 -> 灵敏度分析 -> 模型评价 -> 参考文献 -> 附录,14,1,2,2,3,4,4,20,5,11,22,23,18,24,25
2021,B,B026,26,36.5,8.5,306.5,226,16,147,1、2、6、7、8、21、23、24、25、26,1、2、4、5、6、13、14、15、16、17、18、20、21、22、23、24、25、26,22,7,Logistic、回归,模型求解 -> 结果分析 -> 模型建立 -> 模型评价 -> 参考文献 -> 附录 -> 摘要 -> 问题重述 -> 问题分析 -> 模型假设 -> 符号说明,11,11,19,19,20,20,4,2,2,,,9,,9,10
2021,B,B050,59,37,6,129,140,21,615,5、7、9、10、11、14、16、17、19、20、21、22、23,6、7、8、11、12、13、14、15、16、17、18、19、20、21、22、23、24、33、34、35、36、37、38、39、40、41、42、43、44、45、46、47、48、49、50、51、52、53、54、55、56、57、58、59,54,37,回归、主成分、线性规划、非线性规划、PDE、ODE、VAR、PCA,摘要 -> 模型建立 -> 问题重述 -> 问题分析 -> 结果分析 -> 模型检验 -> 模型假设 -> 符号说明 -> 模型求解 -> 模型评价 -> 改进方案 -> 参考文献 -> 附录,13,1,2,2,4,4,1,7,3,4,,26,26,26,27
2021,B,B160,28,34.0,7.5,326.5,96,24,102,2、3、4、6、7、9、10、11、12、13、14、15、16、17、19,3、5、6、7、9、12、13、14、15、16、17、18、19、21、22、23、24、25、27、28,23,8,回归、ODE,模型求解 -> 问题重述 -> 问题分析 -> 结果分析 -> 模型假设 -> 模型建立 -> 符号说明 -> 模型评价 -> 改进方案 -> 参考文献 -> 附录,11,,2,3,5,5,5,1,3,,,20,20,21,22
2021,C,C006,60,40.0,7.0,353.0,78,13,678,4、5、6、13、17、21、22、23、26,7、8、9、11、12、13、14、15、16、17、18、19、20、21、23、24、25、28、30、31、32、33、34、35、36、37、38、39、40、41、42、43、44、45、46、47、48、49、50、51、52、53、54、55、56、57、58、59、60,44,20,多目标、遗传算法、TOPSIS、VAR、回归、Logistic、ODE,摘要 -> 模型建立 -> 模型评价 -> 问题重述 -> 问题分析 -> 模型假设 -> 符号说明 -> 参考文献 -> 模型求解 -> 结果分析 -> 灵敏度分析 -> 改进方案 -> 附录,13,1,2,2,3,3,1,9,9,,21,1,28,5,29
2021,C,C085,56,40.0,3.5,103.5,88,15,603,3、5、7、8、15、16、17、19、20、22,6、7、9、10、11、12、13、15、16、17、18、19、20、21、22、23、24、25、26、27、28、29、30、31、32、33、34、35、36、37、38、39、40、41、42、43、44、45、46、47、48、49、50、51、52、53、54、55、56,51,50,0-1、整数规划、TOPSIS、ODE、RNN,摘要 -> 问题重述 -> 问题分析 -> 模型求解 -> 模型假设 -> 符号说明 -> 模型建立 -> 结果分析 -> 模型评价 -> 灵敏度分析 -> 参考文献 -> 附录,12,1,2,2,3,4,4,3,7,,22,22,,23,28
2021,C,C169,51,38,5,263,148,10,654,4、6、8、11、12、13、21、29,1、5、6、7、9、10、11、14、15、16、17、18、19、20、21、22、23、24、25、26、27、28、29、30、31、32、33、34、35、36、37、38、39、40、41、42、43、44、45、46、47、48、49、50、51,44,31,0-1、多目标、整数规划、粒子群、线性规划、遗传算法、MOPSO、VAR,摘要 -> 模型求解 -> 结果分析 -> 问题重述 -> 问题分析 -> 符号说明 -> 模型建立 -> 附录,8,1,2,2,,4,4,1,1,,,,,,27
2021,C,C283,58,41.5,3.0,117.5,91,8,488,6、9、10、12、19、20、22、34,2、6、7、8、9、10、12、13、14、15、16、17、18、20、22、23、24、25、26、27、28、36、37、38、39、40、41、42、43、44、45、46、47、48、49、50、51、52、53、54、55、56、57、58,53,51,多目标、层次分析、VAR,摘要 -> 模型求解 -> 问题重述 -> 符号说明 -> 问题分析 -> 参考文献 -> 附录 -> 模型建立 -> 结果分析 -> 灵敏度分析 -> 模型评价,11,1,2,4,,4,12,1,18,,18,26,,4,9
2022,A,A001,37,30,6,161,61,9,392,5、6、9、10、13、15、18、20,4、5、6、7、8、10、11、12、13、14、15、16、17、18、19、20、21、24、25、26、27、28、29、30、31、32、33、34、35、36,29,28,微分方程、龙格库塔、遗传算法、ODE、NSGA,摘要 -> 模型检验 -> 模型求解 -> 问题重述 -> 问题分析 -> 模型假设 -> 符号说明 -> 模型建立 -> 结果分析 -> 改进方案 -> 参考文献 -> 附录,12,1,2,2,3,4,5,1,8,1,,,22,23,24
2022,A,A022,30,33.0,5.5,198.0,289,11,282,7、9、11、13、14、15、16、17、18,5、6、8、9、10、11、12、13、14、16、21、22、23、24、25、26、27、28、29、30,24,24,ODE、微分方程、0-1,摘要 -> 问题重述 -> 问题分析 -> 模型假设 -> 符号说明 -> 模型建立 -> 模型求解 -> 结果分析 -> 模型检验 -> 模型评价 -> 改进方案 -> 参考文献 -> 附录,13,1,2,3,4,4,5,6,12,16,,19,19,20,21
2022,A,A171,57,32,1,24,112,10,736,6、7、9、11、12、14、17、20、21,4、5、6、7、8、9、10、11、12、13、14、15、16、17、18、19、20、21、24、25、26、27、28、29、30、31、32、33、34、35、36、37、39、40、41、42、43、44、45、46、47、48、49、50、51、52、53、54、55、56、57,51,51,微分方程、龙格库塔、0-1、VAR、ODE,摘要 -> 问题重述 -> 问题分析 -> 模型检验 -> 模型求解 -> 模型假设 -> 符号说明 -> 模型建立 -> 模型评价 -> 改进方案 -> 参考文献,11,1,2,2,4,4,5,3,,3,,22,22,22,
2022,B,B030,42,30.0,6.5,165.0,54,15,323,2、3、6、12、13、14、16、17、19、21,4、7、8、9、10、11、12、13、14、15、16、17、18、19、20、21、22、24、25、27、28、29、30、31、32、33、34、35、36、37、38、39、40、41、42,32,31,遗传算法、ODE,摘要 -> 模型假设 -> 模型求解 -> 问题重述 -> 问题分析 -> 符号说明 -> 模型建立 -> 结果分析 -> 模型评价 -> 参考文献,10,1,2,3,1,4,5,1,11,,,25,,26,
2022,B,B035,41,30,5,271,35,17,222,5、6、7、8、11、13、14、15、16、17、18、20、21、22,4、5、6、8、9、10、11、12、13、14、16、17、18、19、24、25、26、27、28、29、30、31、32、33、34、35、36、37、38、39、40、41,34,19,ODE,摘要 -> 模型检验 -> 问题重述 -> 问题分析 -> 模型假设 -> 符号说明 -> 模型建立 -> 附录 -> 模型评价 -> 参考文献,10,1,2,3,4,5,5,,,1,,22,,23,20
2022,B,B086,32,35.5,9.0,312.0,82,29,169,3、5、7、8、10、11、12、13、14、16、17、18、20、21、22、23、24、25,1、5、6、8、9、11、12、13、14、15、16、17、18、19、20、21、22、23、24、25、27、28、29、30、31、32,24,23,0-1,摘要 -> 模型检验 -> 问题重述 -> 问题分析 -> 模型假设 -> 符号说明 -> 模型建立 -> 模型求解 -> 结果分析 -> 模型评价 -> 参考文献 -> 附录,12,1,2,2,4,4,5,6,17,1,,25,,26,27
2022,C,C155,41,34,6,321,113,34,228,5、6、7、8、9、11、12、13、14、15、16、17、19、21、22、23、24、25、27、28、30,4、5、6、7、8、9、11、12、13、15、16、18、19、20、21、23、25、26、30、31、32、33、34、35、36、37、38、39、40、41,34,33,聚类、灰色关联、回归、VAR、灰色预测,摘要 -> 结果分析 -> 灵敏度分析 -> 问题重述 -> 模型建立 -> 符号说明 -> 问题分析 -> 参考文献 -> 附录,9,1,2,3,,3,2,,1,,1,,,29,30
2022,C,C229,26,32.0,6.0,269.0,86,60,70,2、5、6、7、8、9、10、11、12、13、15、16、17、18、21、22,3、5、6、7、8、9、10、11、13、14、17、18、23、24、25、26,19,9,交叉验证、回归、聚类、主成分、VAR、K-Means、ODE,摘要 -> 问题重述 -> 灵敏度分析 -> 问题分析 -> 模型假设 -> 符号说明 -> 模型建立 -> 模型检验 -> 模型评价 -> 参考文献 -> 附录,11,1,2,2,3,3,6,,,12,2,19,,20,21
2023,A,A0127,58,44.0,6.0,217.5,263,44,624,2、4、5、6、7、8、9、11、13、14、16、17、19、20、21、22、24、25、26、29、30、31、32,4、5、6、7、8、9、10、11、12、13、15、16、17、18、19、22、23、24、25、32、33、34、35、36、37、38、39、40、41、42、43、44、45、46、47、48、49、50、51、52、53、54、55、56、57、58,29,21,,摘要 -> 结果分析 -> 附录 -> 模型建立 -> 问题重述 -> 问题分析 -> 模型假设 -> 符号说明 -> 参考文献 -> 模型求解 -> 灵敏度分析 -> 模型评价,12,1,2,2,3,4,1,19,1,,25,27,,8,1
2023,A,A0165,45,35,6,174,246,17,423,5、6、7、8、10、13、14、15、19、21、22、26、27、28,7、8、9、10、11、12、13、16、17、18、21、28、29、30、31、32、33、34、35、36、37、38、39、40、41、42、43、44、45,26,18,蒙特卡洛,摘要 -> 模型评价 -> 问题重述 -> 问题分析 -> 模型假设 -> 符号说明 -> 模型建立 -> 模型求解 -> 附录 -> 结果分析 -> 模型检验 -> 参考文献,12,1,2,3,4,5,6,12,14,22,,1,,25,14
2023,A,A0175,39,31,5,229,46,14,420,3、4、5、6、7、8、13、14、17、18、21,1、3、4、5、6、7、8、9、10、11、12、13、15、16、17、18、19、20、22、23、24、25、26、27、28、29、30、31、32、33、34、35、36、37、38、39,24,18,蒙特卡洛,摘要 -> 灵敏度分析 -> 问题分析 -> 模型建立 -> 模型假设 -> 符号说明 -> 模型求解 -> 结果分析 -> 模型评价 -> 改进方案 -> 参考文献 -> 附录,12,1,,2,2,2,2,12,14,,1,21,21,21,22
2023,A,A092,53,38,6,290,68,41,496,1、4、5、7、8、9、11、12、13、14、17、18、19、20、21、23、24、26、28、29、30、31,5、6、7、8、10、11、12、13、14、15、16、19、20、22、24、27、29、31、34、35、36、37、38、39、40、41、42、43、44、45、46、47、48、49、50、51、52、53,37,35,蒙特卡洛、遗传算法、回归,摘要 -> 问题重述 -> 模型假设 -> 符号说明 -> 问题分析 -> 模型建立 -> 模型求解 -> 结果分析 -> 模型检验 -> 模型评价 -> 参考文献 -> 附录,12,1,2,3,2,3,4,16,17,19,,32,,33,34
2023,B,B226,51,39,6,225,95,20,482,4、5、7、9、10、11、13、15、16、18、19、20、21,5、6、7、8、9、10、11、12、13、14、15、16、17、18、19、20、21、22、23、24、28、29、30、31、32、33、34、35、36、37、38、39、40、41、42、43、44、45、46、47、48、49、50、51,44,26,模拟退火、粒子群、0-1,摘要 -> 结果分析 -> 模型求解 -> 灵敏度分析 -> 问题重述 -> 问题分析 -> 模型建立 -> 模型假设 -> 符号说明 -> 模型评价 -> 模型检验 -> 参考文献 -> 附录,13,1,2,2,3,3,2,1,1,25,1,25,,26,27
2023,B,B311,34,38.0,2.5,62.0,166,15,385,4、7、8、9、10、12、13、14、15、16,1、2、4、5、6、8、9、10、11、13、14、15、16、18、19、20、21、22、23、24、25、26、27、28、29、30、31、32、33,28,22,多目标,摘要 -> 结果分析 -> 问题重述 -> 问题分析 -> 模型假设 -> 符号说明 -> 模型建立 -> 模型求解 -> 模型评价 -> 参考文献 -> 附录,11,1,2,2,3,4,4,10,1,,,17,,17,18
2023,B,B477,50,53.0,1.0,35.5,1169,23,581,4、5、6、7、8、9、10、11、12、14、16、17、18、19、20,4、5、6、7、8、9、10、11、12、15、16、17、18、19、20、21、22、23、24、25、26、27、28、29、30、31、32、33、34、35、36、37、38、39、40、41、42、43、44、45、46、47、48、49、50,42,32,最短路、随机森林、回归、支持向量、ODE,摘要 -> 问题重述 -> 问题分析 -> 模型假设 -> 符号说明 -> 模型建立 -> 模型求解 -> 结果分析 -> 模型评价 -> 参考文献 -> 附录,11,1,2,2,3,4,4,7,9,,,20,,20,21
2023,C,C050,44,41.0,8.5,352.5,925,20,281,3、5、6、7、8、9、11、14、17、18、22、25,6、7、9、10、11、12、13、14、15、16、17、18、19、20、21、22、27、28、33、35、36、37、38、39、40、41、42、43、44,39,11,K-Means、回归、聚类、模拟退火、灰色关联、线性规划、0-1、RNN,摘要 -> 模型求解 -> 问题重述 -> 问题分析 -> 模型建立 -> 模型假设 -> 符号说明 -> 结果分析 -> 模型评价 -> 改进方案 -> 附录,11,1,2,2,4,4,3,1,13,,,26,26,,27
2023,C,C126,74,43.0,0.0,7.0,2027,18,139,2、4、5、7、8、10、12、16、17、20、21,3、4、5、6、7、8、9、11、12、13、14、15、16、17、18、24、27、30、31、33、34、42、51、52、61、62、63、65、66、67、68、69、70、71、72、73、74,66,58,VAR、回归、ODE,摘要 -> 问题重述 -> 模型假设 -> 符号说明 -> 模型建立 -> 模型检验 -> 模型求解 -> 模型评价 -> 结果分析 -> 参考文献 -> 附录,11,1,2,,2,2,3,7,11,5,,11,,19,20
2023,C,C228,70,37.5,6.5,182.5,282,33,478,6、9、10、11、12、13、14、16、17、19、20、23、27、29、36、37、38、39,5、8、9、14、17、18、20、21、22、25、26、27、28、29、32、36、38、39、40、41、42、43、44、45、46、47、48、49、50、51、52、53、54、55、56、57、58、59、60、61、62、63、64、65、66、67、68、69、70,57,37,LSTM、NSGA、线性规划、遗传算法、非线性规划、VIKOR、VAR、回归、ARIMA、粒子群、多目标、0-1、ODE、Prophet,摘要 -> 附录 -> 问题重述 -> 问题分析 -> 符号说明 -> 模型建立 -> 结果分析 -> 模型求解 -> 灵敏度分析 -> 参考文献,10,1,2,3,,4,7,16,9,,28,,,30,1
2024,A,A016,59,28,7,238,66,21,453,6、8、10、11、13、14、16、17、19、20、21、22、23、24、25、26、29、31,6、7、8、9、10、11、12、13、14、15、17、18、20、21、22、24、27、29、30、33、34、35、36、37、38、39、40、41、42、43、44、45、46、47、48、49、50、51、52、53、54、55、56、57、58、59,48,47,0-1,摘要 -> 模型建立 -> 问题重述 -> 问题分析 -> 模型假设 -> 符号说明 -> 模型求解 -> 模型检验 -> 灵敏度分析 -> 模型评价 -> 参考文献 -> 附录,12,1,2,3,4,5,1,10,,30,30,31,,32,33
2024,A,A053,62,33.0,5.5,224.0,40,28,568,3、4、5、7、8、9、13、15、16、17、18、19、20、22、23、24、27、28、32、34、37、38、41,5、6、7、8、9、10、11、12、13、16、17、18、19、20、21、22、25、26、27、28、29、30、31、32、33、34、35、36、38、39、40、41、43、44、45、46、47、48、49、50、51、52、53、54、55、56、57、58、59、60、61、62,56,53,粒子群,摘要 -> 结果分析 -> 灵敏度分析 -> 问题重述 -> 符号说明 -> 问题分析 -> 模型建立 -> 模型求解 -> 模型检验 -> 模型评价 -> 参考文献,11,1,2,3,,3,4,7,1,28,1,42,,42,
2024,A,A163,44,28.0,8.0,205.0,69,22,488,3、4、5、7、8、9、10、13、14、16、17、18、20、21、22、25、26、27、28,3、7、8、9、10、11、12、14、15、16、17、18、19、20、21、22、23、24、25、26、29、30、31、32、33、34、35、36、37、38、39、40、41、42、43、44,37,34,,摘要 -> 问题重述 -> 问题分析 -> 模型假设 -> 符号说明 -> 模型建立 -> 模型评价 -> 参考文献 -> 附录,9,1,2,4,6,6,7,,,,,28,,29,29
2024,A,A178,48,35.5,4.0,72.0,180,16,506,3、4、5、7、8、9、10、12、15、16、17、18,4、5、6、7、8、9、10、11、12、13、14、16、17、18、22、23、24、25、26、27、28、29、30、31、32、33、34、35、36、37、38、39、40、41、42、43、44、45、46、47、48,43,40,微分方程、ODE,摘要 -> 模型求解 -> 问题重述 -> 问题分析 -> 模型假设 -> 符号说明 -> 模型建立 -> 结果分析 -> 模型检验 -> 模型评价 -> 参考文献 -> 附录,12,1,2,2,3,3,4,1,6,18,,19,,20,21
2024,A,A242,58,38.5,3.0,66.0,90,26,606,4、6、7、8、9、11、12、13、15、16、17、18、19、20、24、25、27、29、31,5、6、7、8、9、10、11、12、13、14、15、16、17、18、19、20、21、22、23、24、25、26、27、28、29、31、32、33、34、35、36、37、38、39、40、41、42、43、44、45、46、47、48、49、50、51、52、53、54、55、56、57、58,50,49,微分方程、粒子群、0-1,摘要 -> 模型求解 -> 问题重述 -> 问题分析 -> 模型假设 -> 符号说明 -> 模型建立 -> 结果分析 -> 模型评价 -> 参考文献 -> 附录,11,1,2,3,4,4,5,1,7,,,29,,30,31
2024,B,B159,37,39,6,268,142,9,208,3、7、8、13、21、22、24,4、5、6、7、9、10、11、12、14、15、16、17、18、19、21、22、25、26、27、28、29、30、31、32、33、34、35、36,31,30,,摘要 -> 结果分析 -> 灵敏度分析 -> 问题重述 -> 问题分析 -> 模型假设 -> 符号说明 -> 模型建立 -> 模型求解 -> 模型评价 -> 参考文献 -> 附录,12,1,2,3,4,4,4,17,1,,1,22,,23,24
2024,B,B195,70,51.0,3.0,108.0,66,9,1130,8、9、10、12、16、17、18、20、21,2、5、6、7、8、9、10、11、12、13、14、16、18、19、20、22、23、24、25、26、27、28、29、30、31、32、33、34、35、36、37、38、39、40、41、42、43、44、45、46、47、48、49、50、51、52、53、54、55、56、57、58、59、60、61、62、63、64、65、66、67、68、69、70,63,62,模拟退火、多目标、ODE、RNN、VAR,摘要 -> 模型求解 -> 问题重述 -> 问题分析 -> 模型假设 -> 符号说明 -> 模型建立 -> 结果分析 -> 改进方案 -> 模型评价 -> 参考文献,11,1,2,3,4,5,5,1,15,,,21,21,22,
2024,B,B196,28,25.5,1.0,456.5,44,21,64,6、7、8、10、12、13、16、17、18、19、20、21、22,5、11、20、21、22、25、26、27、28,0,27,蒙特卡洛、蚁群、遗传算法,摘要 -> 问题重述 -> 问题分析 -> 模型假设 -> 符号说明 -> 模型建立 -> 结果分析 -> 模型评价 -> 参考文献 -> 附录 -> 模型求解,11,1,2,2,4,4,5,26,11,,,23,,24,25
2024,C,C038,61,38,7,560,91,25,259,5、6、7、8、9、19、20、21、25、29、30、32、35、36、37、41、43、49、50、51,4、7、9、11、12、13、14、15、16、17、18、21、22、26、27、28、30、32、35、36、37、38、39、40、41、43、47、48、52、53、54、55、56、57、58、59、60、61,54,45,VAR、遗传算法、ODE,摘要 -> 灵敏度分析 -> 问题重述 -> 模型建立 -> 模型假设 -> 符号说明 -> 问题分析 -> 模型求解 -> 结果分析 -> 模型评价 -> 参考文献 -> 附录,12,1,2,4,3,4,3,5,29,,1,44,,45,46
2024,C,C063,49,38,7,282,335,17,229,4、5、7、8、9、10、11、12、18、19、45、47,5、6、8、11、12、13、14、16、18、20、21、22、23、24、25、26、28、30、31、32、33、34、35、36、37、38、39、40、41、46,45,44,0-1、线性规划、VAR、ODE,摘要 -> 灵敏度分析 -> 模型求解 -> 问题重述 -> 问题分析 -> 符号说明 -> 模型建立 -> 结果分析 -> 参考文献 -> 附录,10,1,2,3,,4,4,1,17,,1,,,34,41
2024,C,C094,58,60.0,7.0,153.5,101,16,440,2、3、4、5、6、7、13、14、15、17、18、19、21,6、7、8、9、10、11、12、13、16、18、19、20、21、23、24、25、26、27、28、29、30、31、32、33、34、35、36、37、38、39、40、41、42、43、44、45、46、47、48、49、50、51、52、53、54、55、56、57、58,51,50,蒙特卡洛、线性规划、0-1、VAR、ODE,摘要 -> 灵敏度分析 -> 结果分析 -> 问题重述 -> 问题分析 -> 模型求解 -> 模型假设 -> 符号说明 -> 模型建立 -> 参考文献 -> 模型评价 -> 附录,12,1,2,3,4,4,4,3,1,,1,22,,17,23
2024,C,C234,45,37,6,185,66,14,519,3、5、6、7、13、14、15、17、19、20、23,5、8、9、10、11、12、13、15、16、17、18、19、21、22、25、26、27、28、29、30、31、32、33、34、35、36、37、38、39、40、41、42、43、44、45,38,37,遗传算法、线性规划、0-1,摘要 -> 模型求解 -> 问题重述 -> 问题分析 -> 模型假设 -> 符号说明 -> 模型建立 -> 模型评价 -> 参考文献,9,1,2,2,4,4,5,1,,,,23,,25,
2025,A,A196,34,32.0,8.0,458.0,130,15,164,2、3、5、8、13、14、15、16、23、28、31、34,4、6、7、8、9、10、11、12、13、14、15、16、17、18、19、20、21、22、23、25、26、27、29、30、31、32、33,25,24,粒子群、多目标、ODE,摘要 -> 问题重述 -> 问题分析 -> 模型假设 -> 符号说明 -> 模型建立 -> 模型求解 -> 灵敏度分析 -> 结果分析 -> 模型评价 -> 参考文献 -> 附录,12,1,2,3,4,4,11,12,16,,14,33,,33,34
2025,B,B060,72,35.5,5.0,96.0,120,26,431,6、7、9、10、11、13、14、15、18、20、21、22、23、24、25、26、28、30、32,3、4、5、6、7、8、9、10、11、12、13、14、15、16、17、18、20、21、22、23、24、25、27、28、29、30、33、34、35、36、37、38、39、40、41、42、43、44、45、46、47、48、49、50、51、52、53、54、55、56、57、58、59、60、61、62、63、64、65、66、67、68、69、70、71,63,51,有限差分、VAR、ODE、RNN、0-1,摘要 -> 模型求解 -> 问题重述 -> 问题分析 -> 模型假设 -> 结果分析 -> 模型建立 -> 模型检验 -> 模型评价 -> 参考文献 -> 附录,11,1,2,2,3,,3,1,3,8,,29,,31,32
2025,B,B157,67,36,0,7,121,29,779,4、5、7、8、9、10、13、14、15、16、17、18、20、21、22、23、25、26、27,5、6、7、8、9、10、11、12、13、15、16、17、18、19、20、22、23、24、25、26、27、29、30、31、32、33、34、35、36、37、38、39、40、41、42、43、44、45、46、47、48、49、50、51、52、53、54、55、56、57、58、59、60、61、62、63、64、65、66、67,61,60,0-1、ODE、回归,摘要 -> 灵敏度分析 -> 问题重述 -> 问题分析 -> 模型建立 -> 模型假设 -> 符号说明 -> 模型求解 -> 模型评价 -> 参考文献 -> 附录,11,1,2,2,3,4,3,6,,,1,27,,28,39
2025,C,C023,28,26.5,6.0,316.5,121,21,74,2、5、6、7、12、13、14、17、18、20、21、25、26、27、28,1、3、5、6、7、8、9、10、11、12、13、14、15、16、18、19、20、21、22、26、28,21,17,VAR、回归、0-1,摘要 -> 模型检验 -> 灵敏度分析 -> 问题重述 -> 符号说明 -> 问题分析 -> 模型建立 -> 模型求解 -> 结果分析 -> 模型评价 -> 参考文献 -> 附录,12,1,2,4,,4,6,8,12,1,1,22,,22,24
2025,C,C132,65,33,7,314,101,23,437,8、9、10、13、18、19、23、25、27、28、29、30、34、61、62、63、64,5、6、7、8、9、10、12、13、14、15、16、17、18、19、20、21、22、23、24、25、26、27、28、29、30、31、32、33、37、39、40、41、42、43、44、45、46、47、48、49、50、51、52、53、54、55、56、57、58、59、60、65,58,53,LSTM、LightGBM、回归、0-1、遗传算法、ODE,摘要 -> 问题重述 -> 问题分析 -> 模型假设 -> 模型建立 -> 符号说明 -> 模型求解 -> 模型检验 -> 灵敏度分析 -> 结果分析 -> 模型评价 -> 参考文献 -> 附录,13,1,2,3,3,5,3,7,27,8,11,34,,35,36
