unit_id,file_id,heading_path,part,start_line,end_line,line_count,scene,scene_requested,scene_document_prior,scene_routing_decision,scene_routing_policy_sha256,scene_routing_policy_revision,scene_routing_top_score,scene_routing_margin,voice_profile_id,voice_profile_revision,voice_profile_confidence,voice_profile_kind,voice_profile_source,voice_profile_binding_scene,voice_profile_sha256,voice_default_disclosure,chunk_binding_sha256,mode,intensity,structural_plan_status,structural_semantic_review_status,paired_quality_review_status,rewrite_intent_status,transaction_id,transaction_status,owner_chunk,context_before_unit,context_after_unit,author_chars,protected_spans,status,hash_before,hash_after,diff_path,protected_hashes_ok,style_validation,notes,unresolved_codes_json
U-ec03cc4ec8b7,F00001,(front-matter),1,1,64,64,RESEARCH,RESEARCH,,EXPLICIT,7f4919b7df6aee03bb93b0f9f20cfe5d7a5724e2297e404dcfa0980fe474cebb,5,0,0,scene-default-research,1,DEFAULT,DEFAULT,SCENE_DEFAULT,RESEARCH,18887ba292c25e48d8f9fc598e1a33fa721d1fa8795b3d78f9964af0773b39e0,True,e27cec1af7ad2098183376e3b556455ef5ba2c1be9651e7766649ad23d8f5dc9,REWRITE,BALANCED,NOT_APPLICABLE,NOT_REQUIRED,PENDING_EXTERNAL_REVIEW,PASS,,,U-ec03cc4ec8b7,,U-9d7485a4477f,305,33,NO_CHANGE,0799b21cd80a25383f227749c1f8a153158b79d188c721bf49e008061d2951be,0799b21cd80a25383f227749c1f8a153158b79d188c721bf49e008061d2951be,,PASS,PASS,逐行复核该单元，原段落的术语、因果条件、数值范围和证据限定均有明确功能，故保留原文。,[]
U-9d7485a4477f,F00001,研究边界、证据与处理方法,1,65,66,2,RESEARCH,RESEARCH,,EXPLICIT,7f4919b7df6aee03bb93b0f9f20cfe5d7a5724e2297e404dcfa0980fe474cebb,5,0,0,scene-default-research,1,DEFAULT,DEFAULT,SCENE_DEFAULT,RESEARCH,18887ba292c25e48d8f9fc598e1a33fa721d1fa8795b3d78f9964af0773b39e0,True,a7c6a4b18c363a92b5d010006714f4b51d6884157abb5873415ca5d988b1601d,REWRITE,BALANCED,NOT_RUN,,,,,,U-9d7485a4477f,U-ec03cc4ec8b7,U-d8bb6329ccc8,0,1,SKIPPED_PROTECTED,b7c081dd1b4adcc3ad45937264ad6c5e829d5186e0c03c0389f5b738f20fa0ea,,,NOT_RUN,NOT_RUN,,[]
U-d8bb6329ccc8,F00001,研究边界、证据与处理方法 / 语料边界,1,67,98,32,RESEARCH,RESEARCH,,EXPLICIT,7f4919b7df6aee03bb93b0f9f20cfe5d7a5724e2297e404dcfa0980fe474cebb,5,0,0,scene-default-research,1,DEFAULT,DEFAULT,SCENE_DEFAULT,RESEARCH,18887ba292c25e48d8f9fc598e1a33fa721d1fa8795b3d78f9964af0773b39e0,True,025f8d1a9356a43652c2d1b09e3803962cb31f3cc9d73984589248881942c3e4,REWRITE,BALANCED,NOT_APPLICABLE,NOT_REQUIRED,PENDING_EXTERNAL_REVIEW,PASS,,,U-d8bb6329ccc8,U-9d7485a4477f,U-dad2eee78f05,197,27,NO_CHANGE,38711f3111e47dc30b53409a4a8d97eaf217ba897bbfd86e9a91bdb6bc571a8d,38711f3111e47dc30b53409a4a8d97eaf217ba897bbfd86e9a91bdb6bc571a8d,,PASS,PASS,逐行复核该单元，原段落的术语、因果条件、数值范围和证据限定均有明确功能，故保留原文。,[]
U-dad2eee78f05,F00001,研究边界、证据与处理方法 / 页面识别与证据台账,1,99,118,20,RESEARCH,RESEARCH,,EXPLICIT,7f4919b7df6aee03bb93b0f9f20cfe5d7a5724e2297e404dcfa0980fe474cebb,5,0,0,scene-default-research,1,DEFAULT,DEFAULT,SCENE_DEFAULT,RESEARCH,18887ba292c25e48d8f9fc598e1a33fa721d1fa8795b3d78f9964af0773b39e0,True,f29c9d70c7c3f66612fca93182aaed163779dd05a3c1b0b25084d6288f5d2bab,REWRITE,BALANCED,NOT_APPLICABLE,NOT_REQUIRED,PENDING_EXTERNAL_REVIEW,PASS,,,U-dad2eee78f05,U-d8bb6329ccc8,U-9f39c837cde7,413,3,NO_CHANGE,b98a646e73554d80a88f6163f3d51911ad1a847195e6d3560991028b0fb100c2,b98a646e73554d80a88f6163f3d51911ad1a847195e6d3560991028b0fb100c2,,PASS,PASS,逐行复核该单元，原段落的术语、因果条件、数值范围和证据限定均有明确功能，故保留原文。,[]
U-9f39c837cde7,F00001,六年真题任务图谱与人员分工,1,119,120,2,RESEARCH,RESEARCH,,EXPLICIT,7f4919b7df6aee03bb93b0f9f20cfe5d7a5724e2297e404dcfa0980fe474cebb,5,0,0,scene-default-research,1,DEFAULT,DEFAULT,SCENE_DEFAULT,RESEARCH,18887ba292c25e48d8f9fc598e1a33fa721d1fa8795b3d78f9964af0773b39e0,True,8fad2412103d8f781939e2e1ef2d4b1b4bfb011471c40c09a9067d5e1aeeb925,REWRITE,BALANCED,NOT_RUN,,,,,,U-9f39c837cde7,U-dad2eee78f05,U-7847e1111c3b,0,1,SKIPPED_PROTECTED,a801dc7c9ce2be4a5b22bac6b6817fa7a56dd6d15488a7357ddbaf5d2a0b2b21,,,NOT_RUN,NOT_RUN,,[]
U-7847e1111c3b,F00001,六年真题任务图谱与人员分工 / 十八道真题的训练定位,1,121,157,37,RESEARCH,RESEARCH,,EXPLICIT,7f4919b7df6aee03bb93b0f9f20cfe5d7a5724e2297e404dcfa0980fe474cebb,5,0,0,scene-default-research,1,DEFAULT,DEFAULT,SCENE_DEFAULT,RESEARCH,18887ba292c25e48d8f9fc598e1a33fa721d1fa8795b3d78f9964af0773b39e0,True,beddf9a66da093a36ae9bf06de74c08f3f46e8eb96186056a4250ddc6dec3858,REWRITE,BALANCED,NOT_APPLICABLE,NOT_REQUIRED,PENDING_EXTERNAL_REVIEW,PASS,,,U-7847e1111c3b,U-9f39c837cde7,U-46bf8fee300e,763,35,NO_CHANGE,4f2e1080d216de14c8bfe4c546adcd876f61801764a1856604425293e7382113,4f2e1080d216de14c8bfe4c546adcd876f61801764a1856604425293e7382113,,PASS,PASS,逐行复核该单元，原段落的术语、因果条件、数值范围和证据限定均有明确功能，故保留原文。,[]
U-46bf8fee300e,F00001,六年真题任务图谱与人员分工 / 四块学习结构,1,158,166,9,RESEARCH,RESEARCH,,EXPLICIT,7f4919b7df6aee03bb93b0f9f20cfe5d7a5724e2297e404dcfa0980fe474cebb,5,0,0,scene-default-research,1,DEFAULT,DEFAULT,SCENE_DEFAULT,RESEARCH,18887ba292c25e48d8f9fc598e1a33fa721d1fa8795b3d78f9964af0773b39e0,True,e7b3af520a760438836654cdb49694fa60768114f659147442adb2c69b1fddca,REWRITE,BALANCED,NOT_APPLICABLE,NOT_REQUIRED,PENDING_EXTERNAL_REVIEW,PASS,,,U-46bf8fee300e,U-7847e1111c3b,U-2d485cfdc9c5,156,2,NO_CHANGE,3f4ae6b5cffaafb719838b69aebcd416ba9e176850c67b2ce9afb48233006f68,3f4ae6b5cffaafb719838b69aebcd416ba9e176850c67b2ce9afb48233006f68,,PASS,PASS,逐行复核该单元，原段落的术语、因果条件、数值范围和证据限定均有明确功能，故保留原文。,[]
U-2d485cfdc9c5,F00001,理论知识学习笔记,1,167,168,2,RESEARCH,RESEARCH,,EXPLICIT,7f4919b7df6aee03bb93b0f9f20cfe5d7a5724e2297e404dcfa0980fe474cebb,5,0,0,scene-default-research,1,DEFAULT,DEFAULT,SCENE_DEFAULT,RESEARCH,18887ba292c25e48d8f9fc598e1a33fa721d1fa8795b3d78f9964af0773b39e0,True,d98e2362e74e319e1ce33f3b80e59a337ad0e661209647dd31e6a3bded298c41,REWRITE,BALANCED,NOT_RUN,,,,,,U-2d485cfdc9c5,U-46bf8fee300e,U-4c1869b40e02,0,1,SKIPPED_PROTECTED,698ee52da61122fb7e84cf99b57e6ddcc65fd090410817a4d8af58d7e56f39e2,,,NOT_RUN,NOT_RUN,,[]
U-4c1869b40e02,F00001,理论知识学习笔记 / 队长：机理、连续模型与数值实现,1,169,170,2,RESEARCH,RESEARCH,,EXPLICIT,7f4919b7df6aee03bb93b0f9f20cfe5d7a5724e2297e404dcfa0980fe474cebb,5,0,0,scene-default-research,1,DEFAULT,DEFAULT,SCENE_DEFAULT,RESEARCH,18887ba292c25e48d8f9fc598e1a33fa721d1fa8795b3d78f9964af0773b39e0,True,fb3197d8785618960619a1d505e95403d85af238557944e424f28103de5beb8d,REWRITE,BALANCED,NOT_RUN,,,,,,U-4c1869b40e02,U-2d485cfdc9c5,U-b9a3ba39c069,0,1,SKIPPED_PROTECTED,a783d3a31cb876d577a4e1308dc3f09ecf84c9340894d9e347dd9756a1192fed,,,NOT_RUN,NOT_RUN,,[]
U-b9a3ba39c069,F00001,理论知识学习笔记 / 队长：机理、连续模型与数值实现 / 覆盖内容、原理与求解步骤,1,171,196,26,RESEARCH,RESEARCH,,EXPLICIT,7f4919b7df6aee03bb93b0f9f20cfe5d7a5724e2297e404dcfa0980fe474cebb,5,0,0,scene-default-research,1,DEFAULT,DEFAULT,SCENE_DEFAULT,RESEARCH,18887ba292c25e48d8f9fc598e1a33fa721d1fa8795b3d78f9964af0773b39e0,True,afc555956e49a4e1f0426d238c27996690b8d8ab55d115b9afbaac72088b564e,REWRITE,BALANCED,NOT_APPLICABLE,NOT_REQUIRED,PENDING_EXTERNAL_REVIEW,PASS,,,U-b9a3ba39c069,U-4c1869b40e02,U-aff18ffcc51b,489,10,NO_CHANGE,d803997805f65e52e7fb6523c345d7bd10ad7d9ae631a2326f6b7b890f94867e,d803997805f65e52e7fb6523c345d7bd10ad7d9ae631a2326f6b7b890f94867e,,PASS,PASS,逐行复核该单元，原段落的术语、因果条件、数值范围和证据限定均有明确功能，故保留原文。,[]
U-aff18ffcc51b,F00001,理论知识学习笔记 / 队长：机理、连续模型与数值实现 / 开源代码逻辑、约束与选型边界,1,197,215,19,RESEARCH,RESEARCH,,EXPLICIT,7f4919b7df6aee03bb93b0f9f20cfe5d7a5724e2297e404dcfa0980fe474cebb,5,0,0,scene-default-research,1,DEFAULT,DEFAULT,SCENE_DEFAULT,RESEARCH,18887ba292c25e48d8f9fc598e1a33fa721d1fa8795b3d78f9964af0773b39e0,True,aa8cb5eb1c95efc7d560c3f85f01f84864d6815764fa265dc20d5ead51d6ddf3,REWRITE,BALANCED,NOT_APPLICABLE,NOT_REQUIRED,PENDING_EXTERNAL_REVIEW,PASS,,,U-aff18ffcc51b,U-b9a3ba39c069,U-8c79b010d6ee,237,8,NO_CHANGE,cc661b8235c81d78cb792d2f78047a4b4a7f195baf4fa7426322b18bb5218d3b,cc661b8235c81d78cb792d2f78047a4b4a7f195baf4fa7426322b18bb5218d3b,,PASS,PASS,逐行复核该单元，原段落的术语、因果条件、数值范围和证据限定均有明确功能，故保留原文。,[]
U-8c79b010d6ee,F00001,理论知识学习笔记 / 队长：机理、连续模型与数值实现 / 开源代码逻辑、约束与选型边界 / 可实现代码清单,1,216,225,10,RESEARCH,RESEARCH,,EXPLICIT,7f4919b7df6aee03bb93b0f9f20cfe5d7a5724e2297e404dcfa0980fe474cebb,5,0,0,scene-default-research,1,DEFAULT,DEFAULT,SCENE_DEFAULT,RESEARCH,18887ba292c25e48d8f9fc598e1a33fa721d1fa8795b3d78f9964af0773b39e0,True,8861edae2c546feb9ab663910c4bdc891a6ad5b03a83ddb5d2b99bbd1ea8e22a,REWRITE,BALANCED,NOT_APPLICABLE,NOT_REQUIRED,PENDING_EXTERNAL_REVIEW,PASS,,,U-8c79b010d6ee,U-aff18ffcc51b,U-a746f2f4a9ee,90,9,NO_CHANGE,e10bc078a3502f7ed80c73f90d9360483526099719832986dfd0e91b28851f46,e10bc078a3502f7ed80c73f90d9360483526099719832986dfd0e91b28851f46,,PASS,PASS,逐行复核该单元，原段落的术语、因果条件、数值范围和证据限定均有明确功能，故保留原文。,[]
U-a746f2f4a9ee,F00001,理论知识学习笔记 / 组员1：规划、智能优化、图网络与仿真,1,226,227,2,RESEARCH,RESEARCH,,EXPLICIT,7f4919b7df6aee03bb93b0f9f20cfe5d7a5724e2297e404dcfa0980fe474cebb,5,0,0,scene-default-research,1,DEFAULT,DEFAULT,SCENE_DEFAULT,RESEARCH,18887ba292c25e48d8f9fc598e1a33fa721d1fa8795b3d78f9964af0773b39e0,True,9d22b90b5927a4043c6ea8cd797b90a4e8aa2cd2a1d3de590ac1fa9e30f80224,REWRITE,BALANCED,NOT_RUN,,,,,,U-a746f2f4a9ee,U-8c79b010d6ee,U-3630c118b5e3,0,1,SKIPPED_PROTECTED,747be1f779b11e8d07766139aff610eea4785377875b75771299b779f48fcbd5,,,NOT_RUN,NOT_RUN,,[]
U-3630c118b5e3,F00001,理论知识学习笔记 / 组员1：规划、智能优化、图网络与仿真 / 覆盖内容、原理与求解步骤,1,228,258,31,RESEARCH,RESEARCH,,EXPLICIT,7f4919b7df6aee03bb93b0f9f20cfe5d7a5724e2297e404dcfa0980fe474cebb,5,0,0,scene-default-research,1,DEFAULT,DEFAULT,SCENE_DEFAULT,RESEARCH,18887ba292c25e48d8f9fc598e1a33fa721d1fa8795b3d78f9964af0773b39e0,True,923b6eb9a2c1b6b2a904c6df961b05aee8f0beb3c317b856c4bf8ef6b858143d,REWRITE,BALANCED,NOT_APPLICABLE,NOT_REQUIRED,PENDING_EXTERNAL_REVIEW,PASS,,,U-3630c118b5e3,U-a746f2f4a9ee,U-0b3493a0e526,561,11,NO_CHANGE,7feed6997459d9e0f7b3662c30ec9c70e7abccb04a7fc15fed36babba58c0c10,7feed6997459d9e0f7b3662c30ec9c70e7abccb04a7fc15fed36babba58c0c10,,PASS,PASS,逐行复核该单元，原段落的术语、因果条件、数值范围和证据限定均有明确功能，故保留原文。,[]
U-0b3493a0e526,F00001,理论知识学习笔记 / 组员1：规划、智能优化、图网络与仿真 / 开源代码逻辑、优缺点与边界,1,259,278,20,RESEARCH,RESEARCH,,EXPLICIT,7f4919b7df6aee03bb93b0f9f20cfe5d7a5724e2297e404dcfa0980fe474cebb,5,0,0,scene-default-research,1,DEFAULT,DEFAULT,SCENE_DEFAULT,RESEARCH,18887ba292c25e48d8f9fc598e1a33fa721d1fa8795b3d78f9964af0773b39e0,True,a44d175095be89a0e9b0b3b25db6881ab17b392417bc9b061cc77c4951331dbc,REWRITE,BALANCED,NOT_APPLICABLE,NOT_REQUIRED,PENDING_EXTERNAL_REVIEW,PASS,,,U-0b3493a0e526,U-3630c118b5e3,U-3ca78f022ad2,231,6,NO_CHANGE,9ae40263e0d423b800c07d2a3dd89bde0d67659f838d503f4a6eca63fe1fe740,9ae40263e0d423b800c07d2a3dd89bde0d67659f838d503f4a6eca63fe1fe740,,PASS,PASS,逐行复核该单元，原段落的术语、因果条件、数值范围和证据限定均有明确功能，故保留原文。,[]
U-3ca78f022ad2,F00001,理论知识学习笔记 / 组员1：规划、智能优化、图网络与仿真 / 开源代码逻辑、优缺点与边界 / 可实现代码清单,1,279,288,10,RESEARCH,RESEARCH,,EXPLICIT,7f4919b7df6aee03bb93b0f9f20cfe5d7a5724e2297e404dcfa0980fe474cebb,5,0,0,scene-default-research,1,DEFAULT,DEFAULT,SCENE_DEFAULT,RESEARCH,18887ba292c25e48d8f9fc598e1a33fa721d1fa8795b3d78f9964af0773b39e0,True,690e943f5e2ecb2cf241a01f0d7b24c370be00d43f6e375d35fbc6289296bbdf,REWRITE,BALANCED,NOT_APPLICABLE,NOT_REQUIRED,PENDING_EXTERNAL_REVIEW,PASS,,,U-3ca78f022ad2,U-0b3493a0e526,U-0501a2c75935,76,9,NO_CHANGE,5fbce766c71ad6e4830147fe50de9a7553328777f6644a2778780d26c8c39c3e,5fbce766c71ad6e4830147fe50de9a7553328777f6644a2778780d26c8c39c3e,,PASS,PASS,逐行复核该单元，原段落的术语、因果条件、数值范围和证据限定均有明确功能，故保留原文。,[]
U-0501a2c75935,F00001,理论知识学习笔记 / 组员2：数据处理、评价决策与统计学习,1,289,290,2,RESEARCH,RESEARCH,,EXPLICIT,7f4919b7df6aee03bb93b0f9f20cfe5d7a5724e2297e404dcfa0980fe474cebb,5,0,0,scene-default-research,1,DEFAULT,DEFAULT,SCENE_DEFAULT,RESEARCH,18887ba292c25e48d8f9fc598e1a33fa721d1fa8795b3d78f9964af0773b39e0,True,02cfb5a8628f7195f2fa8ce8bad1d71707f04d67a6cdd1efee0679cd42940b72,REWRITE,BALANCED,NOT_RUN,,,,,,U-0501a2c75935,U-3ca78f022ad2,U-1ab716124e61,0,1,SKIPPED_PROTECTED,75eab40be11aa0f689ea389ea6d28ef36e32cccb0a696b05a5ea62d588127ec5,,,NOT_RUN,NOT_RUN,,[]
U-1ab716124e61,F00001,理论知识学习笔记 / 组员2：数据处理、评价决策与统计学习 / 数据链、算法原理与完整步骤,1,291,326,36,RESEARCH,RESEARCH,,EXPLICIT,7f4919b7df6aee03bb93b0f9f20cfe5d7a5724e2297e404dcfa0980fe474cebb,5,0,0,scene-default-research,1,DEFAULT,DEFAULT,SCENE_DEFAULT,RESEARCH,18887ba292c25e48d8f9fc598e1a33fa721d1fa8795b3d78f9964af0773b39e0,True,0cb21e3fc43678ffba84e4a413f7bc2c95b28e6bc945b2fa31c18eebecc62a8c,REWRITE,BALANCED,NOT_APPLICABLE,NOT_REQUIRED,PENDING_EXTERNAL_REVIEW,PASS,,,U-1ab716124e61,U-0501a2c75935,U-f3fe89de5dca,605,11,NO_CHANGE,ae4eb69b4088545f2bfdb8842f900913e2c1c8b662b2f2d0e8b398e28f6aa41d,ae4eb69b4088545f2bfdb8842f900913e2c1c8b662b2f2d0e8b398e28f6aa41d,,PASS,PASS,逐行复核该单元，原段落的术语、因果条件、数值范围和证据限定均有明确功能，故保留原文。,[]
U-f3fe89de5dca,F00001,理论知识学习笔记 / 组员2：数据处理、评价决策与统计学习 / 开源代码逻辑、约束与选型边界,1,327,346,20,RESEARCH,RESEARCH,,EXPLICIT,7f4919b7df6aee03bb93b0f9f20cfe5d7a5724e2297e404dcfa0980fe474cebb,5,0,0,scene-default-research,1,DEFAULT,DEFAULT,SCENE_DEFAULT,RESEARCH,18887ba292c25e48d8f9fc598e1a33fa721d1fa8795b3d78f9964af0773b39e0,True,c819c8aed488aabe1ac9d043b1724ef262d68a1b8260e051660161f5d7ed6aa0,REWRITE,BALANCED,NOT_APPLICABLE,NOT_REQUIRED,PENDING_EXTERNAL_REVIEW,PASS,,,U-f3fe89de5dca,U-1ab716124e61,U-db39f30af41a,257,6,NO_CHANGE,733e6a9773e42ac1cba828f61ece1dac80053467f0959c31724f2b015bb4b174,733e6a9773e42ac1cba828f61ece1dac80053467f0959c31724f2b015bb4b174,,PASS,PASS,逐行复核该单元，原段落的术语、因果条件、数值范围和证据限定均有明确功能，故保留原文。,[]
U-db39f30af41a,F00001,理论知识学习笔记 / 组员2：数据处理、评价决策与统计学习 / 开源代码逻辑、约束与选型边界 / 可实现代码清单,1,347,357,11,RESEARCH,RESEARCH,,EXPLICIT,7f4919b7df6aee03bb93b0f9f20cfe5d7a5724e2297e404dcfa0980fe474cebb,5,0,0,scene-default-research,1,DEFAULT,DEFAULT,SCENE_DEFAULT,RESEARCH,18887ba292c25e48d8f9fc598e1a33fa721d1fa8795b3d78f9964af0773b39e0,True,0b52ba03de69b28af6d1da23162ffc9723d4fddffa5790066d261eba6af225a2,REWRITE,BALANCED,NOT_APPLICABLE,NOT_REQUIRED,PENDING_EXTERNAL_REVIEW,PASS,,,U-db39f30af41a,U-f3fe89de5dca,U-9524b9ca5350,88,10,NO_CHANGE,9f1d4b4bba295485f943218a41732a3ca42c790f5e804d45432002c0c9c7437c,9f1d4b4bba295485f943218a41732a3ca42c790f5e804d45432002c0c9c7437c,,PASS,PASS,逐行复核该单元，原段落的术语、因果条件、数值范围和证据限定均有明确功能，故保留原文。,[]
U-9524b9ca5350,F00001,理论知识学习笔记 / 三人交叉学习与代码集成,1,358,370,13,RESEARCH,RESEARCH,,EXPLICIT,7f4919b7df6aee03bb93b0f9f20cfe5d7a5724e2297e404dcfa0980fe474cebb,5,0,0,scene-default-research,1,DEFAULT,DEFAULT,SCENE_DEFAULT,RESEARCH,18887ba292c25e48d8f9fc598e1a33fa721d1fa8795b3d78f9964af0773b39e0,True,cc7eae2b144bfc0717b6e336b849d2cad3a1ca2ca98609de9ce4cc53deeef99e,REWRITE,BALANCED,NOT_APPLICABLE,NOT_REQUIRED,PENDING_EXTERNAL_REVIEW,PASS,,,U-9524b9ca5350,U-db39f30af41a,U-9636fed1b584,225,4,NO_CHANGE,745ec1ad1524f0de280b516165e7f2ca3ab843928aff937bd086baf164e43918,745ec1ad1524f0de280b516165e7f2ca3ab843928aff937bd086baf164e43918,,PASS,PASS,逐行复核该单元，原段落的术语、因果条件、数值范围和证据限定均有明确功能，故保留原文。,[]
U-9636fed1b584,F00001,理论知识学习笔记 / 阶段成果、真实短板与四周计划,1,371,372,2,RESEARCH,RESEARCH,,EXPLICIT,7f4919b7df6aee03bb93b0f9f20cfe5d7a5724e2297e404dcfa0980fe474cebb,5,0,0,scene-default-research,1,DEFAULT,DEFAULT,SCENE_DEFAULT,RESEARCH,18887ba292c25e48d8f9fc598e1a33fa721d1fa8795b3d78f9964af0773b39e0,True,b4f330b697495b5ab0429a66b61a03ffb785a4e461361ecd35d888887e27904e,REWRITE,BALANCED,NOT_RUN,,,,,,U-9636fed1b584,U-9524b9ca5350,U-59d238ee7aec,0,1,SKIPPED_PROTECTED,a447621ee630306d6eef60f7e86cdfe49242e4fc9ba19e9046b87788181637ae,,,NOT_RUN,NOT_RUN,,[]
U-59d238ee7aec,F00001,理论知识学习笔记 / 阶段成果、真实短板与四周计划 / 当前可取之处,1,373,379,7,RESEARCH,RESEARCH,,EXPLICIT,7f4919b7df6aee03bb93b0f9f20cfe5d7a5724e2297e404dcfa0980fe474cebb,5,0,0,scene-default-research,1,DEFAULT,DEFAULT,SCENE_DEFAULT,RESEARCH,18887ba292c25e48d8f9fc598e1a33fa721d1fa8795b3d78f9964af0773b39e0,True,40c6d18e607b72bb98dec47b83db4686b3fd24fd530549bf1ba696522615d442,REWRITE,BALANCED,NOT_APPLICABLE,NOT_REQUIRED,PENDING_EXTERNAL_REVIEW,PASS,,,U-59d238ee7aec,U-9636fed1b584,U-2a0367ca726e,104,2,NO_CHANGE,71e3a77be6d69c77ba5d63ccad96f8068459644aa0c46293b99f18cf0b8c62e1,71e3a77be6d69c77ba5d63ccad96f8068459644aa0c46293b99f18cf0b8c62e1,,PASS,PASS,逐行复核该单元，原段落的术语、因果条件、数值范围和证据限定均有明确功能，故保留原文。,[]
U-2a0367ca726e,F00001,理论知识学习笔记 / 阶段成果、真实短板与四周计划 / 当前真实短板,1,380,389,10,RESEARCH,RESEARCH,,EXPLICIT,7f4919b7df6aee03bb93b0f9f20cfe5d7a5724e2297e404dcfa0980fe474cebb,5,0,0,scene-default-research,1,DEFAULT,DEFAULT,SCENE_DEFAULT,RESEARCH,18887ba292c25e48d8f9fc598e1a33fa721d1fa8795b3d78f9964af0773b39e0,True,068897ca7790c715bf3b6ff9abc539de5a779ac27568b11c1f76426ad471fc9d,REWRITE,BALANCED,NOT_APPLICABLE,NOT_REQUIRED,PENDING_EXTERNAL_REVIEW,PASS,,,U-2a0367ca726e,U-59d238ee7aec,U-f7aca69b420f,209,3,NO_CHANGE,cfd37452259c364ba20003e533a9fb095e901f9558a02e1628650cef04ec457b,cfd37452259c364ba20003e533a9fb095e901f9558a02e1628650cef04ec457b,,PASS,PASS,逐行复核该单元，原段落的术语、因果条件、数值范围和证据限定均有明确功能，故保留原文。,[]
U-f7aca69b420f,F00001,理论知识学习笔记 / 阶段成果、真实短板与四周计划 / 2026 年 7 月 29 日至 8 月 25 日量化训练,1,390,412,23,RESEARCH,RESEARCH,,EXPLICIT,7f4919b7df6aee03bb93b0f9f20cfe5d7a5724e2297e404dcfa0980fe474cebb,5,0,0,scene-default-research,1,DEFAULT,DEFAULT,SCENE_DEFAULT,RESEARCH,18887ba292c25e48d8f9fc598e1a33fa721d1fa8795b3d78f9964af0773b39e0,True,cd64a6af214f43878d4fc7a28c76d3eef261ec6b306194db3011fea48392736c,REWRITE,BALANCED,NOT_APPLICABLE,NOT_REQUIRED,PENDING_EXTERNAL_REVIEW,PASS,,,U-f7aca69b420f,U-2a0367ca726e,U-4be52260e85f,507,23,NO_CHANGE,e6953a1e2b545b909f6842200eb2a11df0d6f8b641f4f9863f4e7a5f71b3ce46,e6953a1e2b545b909f6842200eb2a11df0d6f8b641f4f9863f4e7a5f71b3ce46,,PASS,PASS,逐行复核该单元，原段落的术语、因果条件、数值范围和证据限定均有明确功能，故保留原文。,[]
U-4be52260e85f,F00001,59 篇编号论文的结构与写作分析,1,413,414,2,RESEARCH,RESEARCH,,EXPLICIT,7f4919b7df6aee03bb93b0f9f20cfe5d7a5724e2297e404dcfa0980fe474cebb,5,0,0,scene-default-research,1,DEFAULT,DEFAULT,SCENE_DEFAULT,RESEARCH,18887ba292c25e48d8f9fc598e1a33fa721d1fa8795b3d78f9964af0773b39e0,True,6cadfb59999f6fc04421bde45a1206a8170826c9db06d245249b772965e14828,REWRITE,BALANCED,NOT_RUN,,,,,,U-4be52260e85f,U-f7aca69b420f,U-67e9b34c6ed2,0,1,SKIPPED_PROTECTED,e91a95d6a20dd3071464b9dd6b2a91beb41c5d7ac4b91814cf6937b026ff0f48,,,NOT_RUN,NOT_RUN,,[]
U-67e9b34c6ed2,F00001,59 篇编号论文的结构与写作分析 / 宏观框架与版面组织,1,415,472,58,RESEARCH,RESEARCH,,EXPLICIT,7f4919b7df6aee03bb93b0f9f20cfe5d7a5724e2297e404dcfa0980fe474cebb,5,0,0,scene-default-research,1,DEFAULT,DEFAULT,SCENE_DEFAULT,RESEARCH,18887ba292c25e48d8f9fc598e1a33fa721d1fa8795b3d78f9964af0773b39e0,True,9e26bc7b7d3a0d87ac4faccf6f1eda0db4f6ef80431d35221e178f4e610dc883,REWRITE,BALANCED,NOT_APPLICABLE,NOT_ISSUED,PENDING_EXTERNAL_REVIEW,PASS,,,U-67e9b34c6ed2,U-4be52260e85f,U-86e1d10a430b,614,49,DONE,cbd3ca6e7368417c64fbc3caeae8b9da1e3c7a224109276f32f7e4796ec31c6c,21c9e20a58b60e20cb0ea1c33834026c0bf72e0954f363c9a6ebe259633466a1,diffs\U-67e9b34c6ed2.diff,PASS,PASS,,[]
U-86e1d10a430b,F00001,59 篇编号论文的结构与写作分析 / A/B/C 三类论文的微观文风,1,473,482,10,RESEARCH,RESEARCH,,EXPLICIT,7f4919b7df6aee03bb93b0f9f20cfe5d7a5724e2297e404dcfa0980fe474cebb,5,0,0,scene-default-research,1,DEFAULT,DEFAULT,SCENE_DEFAULT,RESEARCH,18887ba292c25e48d8f9fc598e1a33fa721d1fa8795b3d78f9964af0773b39e0,True,6ea7732664c7bacbf019572aff5caecd06f4eec0f85e4028e6c7f2619aca12fc,REWRITE,BALANCED,NOT_APPLICABLE,NOT_REQUIRED,PENDING_EXTERNAL_REVIEW,PASS,,,U-86e1d10a430b,U-67e9b34c6ed2,U-45a9b08e94f1,178,2,NO_CHANGE,0c024b7e7cac41c152b7fe80a81f8c9377360666c9e1e3b0fd5b8b6968fc0181,0c024b7e7cac41c152b7fe80a81f8c9377360666c9e1e3b0fd5b8b6968fc0181,,PASS,PASS,逐行复核该单元，原段落的术语、因果条件、数值范围和证据限定均有明确功能，故保留原文。,[]
U-45a9b08e94f1,F00001,59 篇编号论文的结构与写作分析 / A/B/C 三类论文的微观文风 / A 类：先交代机制，再讨论数值,1,483,494,12,RESEARCH,RESEARCH,,EXPLICIT,7f4919b7df6aee03bb93b0f9f20cfe5d7a5724e2297e404dcfa0980fe474cebb,5,0,0,scene-default-research,1,DEFAULT,DEFAULT,SCENE_DEFAULT,RESEARCH,18887ba292c25e48d8f9fc598e1a33fa721d1fa8795b3d78f9964af0773b39e0,True,0ee004962ea4dbeeaba55efe41a5201c9f5c726f2565133d2ace01443aa54ced,REWRITE,BALANCED,NOT_APPLICABLE,NOT_REQUIRED,PENDING_EXTERNAL_REVIEW,PASS,,,U-45a9b08e94f1,U-86e1d10a430b,U-42ca595bc09f,161,6,NO_CHANGE,0a822826d0ad334b1cc50b0c6c47d50cb9fb63cc189703087527dd634d6d59dc,0a822826d0ad334b1cc50b0c6c47d50cb9fb63cc189703087527dd634d6d59dc,,PASS,PASS,逐行复核该单元，原段落的术语、因果条件、数值范围和证据限定均有明确功能，故保留原文。,[]
U-42ca595bc09f,F00001,59 篇编号论文的结构与写作分析 / A/B/C 三类论文的微观文风 / B 类：变量、约束与策略必须逐项对应,1,495,505,11,RESEARCH,RESEARCH,,EXPLICIT,7f4919b7df6aee03bb93b0f9f20cfe5d7a5724e2297e404dcfa0980fe474cebb,5,0,0,scene-default-research,1,DEFAULT,DEFAULT,SCENE_DEFAULT,RESEARCH,18887ba292c25e48d8f9fc598e1a33fa721d1fa8795b3d78f9964af0773b39e0,True,f1749e1ac35ba910593a0ef8cefef75f80e376271b4feb6e383784dee144ab57,REWRITE,BALANCED,NOT_APPLICABLE,NOT_REQUIRED,PENDING_EXTERNAL_REVIEW,PASS,,,U-42ca595bc09f,U-45a9b08e94f1,U-53daacbc4895,148,5,NO_CHANGE,e45788c2c6ea5082dab07e3261c58c835529cee824b9347aa89da76068dc20ad,e45788c2c6ea5082dab07e3261c58c835529cee824b9347aa89da76068dc20ad,,PASS,PASS,逐行复核该单元，原段落的术语、因果条件、数值范围和证据限定均有明确功能，故保留原文。,[]
U-53daacbc4895,F00001,59 篇编号论文的结构与写作分析 / A/B/C 三类论文的微观文风 / C 类：数据口径、隔离验证与决策解释并重,1,506,517,12,RESEARCH,RESEARCH,,EXPLICIT,7f4919b7df6aee03bb93b0f9f20cfe5d7a5724e2297e404dcfa0980fe474cebb,5,0,0,scene-default-research,1,DEFAULT,DEFAULT,SCENE_DEFAULT,RESEARCH,18887ba292c25e48d8f9fc598e1a33fa721d1fa8795b3d78f9964af0773b39e0,True,7d1164722bf4149c1d7e6e2e4e2c9c21daaff3ccfdd47420201c29520a97ab38,REWRITE,BALANCED,NOT_APPLICABLE,NOT_REQUIRED,PENDING_EXTERNAL_REVIEW,PASS,,,U-53daacbc4895,U-42ca595bc09f,U-2557530ab91f,160,5,NO_CHANGE,21c64266b3b169e0dd74f1ff95cc5d101675663bc560e3b7247b5b34969d89f9,21c64266b3b169e0dd74f1ff95cc5d101675663bc560e3b7247b5b34969d89f9,,PASS,PASS,逐行复核该单元，原段落的术语、因果条件、数值范围和证据限定均有明确功能，故保留原文。,[]
U-2557530ab91f,F00001,59 篇编号论文的结构与写作分析 / 十四类章节的写法,1,518,546,29,RESEARCH,RESEARCH,,EXPLICIT,7f4919b7df6aee03bb93b0f9f20cfe5d7a5724e2297e404dcfa0980fe474cebb,5,0,0,scene-default-research,1,DEFAULT,DEFAULT,SCENE_DEFAULT,RESEARCH,18887ba292c25e48d8f9fc598e1a33fa721d1fa8795b3d78f9964af0773b39e0,True,1c4ff8dcff85adae4f60632c32b0a21023054155e8cc9162859086b8adf53e34,REWRITE,BALANCED,NOT_APPLICABLE,NOT_REQUIRED,PENDING_EXTERNAL_REVIEW,PASS,,,U-2557530ab91f,U-53daacbc4895,U-fd038779e434,800,42,NO_CHANGE,602e49bb6b1de65c293d25d31b7ae04afdf67d8599d265ff124c37f02cd764b8,602e49bb6b1de65c293d25d31b7ae04afdf67d8599d265ff124c37f02cd764b8,,PASS,PASS,逐行复核该单元，原段落的术语、因果条件、数值范围和证据限定均有明确功能，故保留原文。,[]
U-fd038779e434,F00001,59 篇编号论文的结构与写作分析 / 可复用表达与 边界,1,547,560,14,RESEARCH,RESEARCH,,EXPLICIT,7f4919b7df6aee03bb93b0f9f20cfe5d7a5724e2297e404dcfa0980fe474cebb,5,0,0,scene-default-research,1,DEFAULT,DEFAULT,SCENE_DEFAULT,RESEARCH,18887ba292c25e48d8f9fc598e1a33fa721d1fa8795b3d78f9964af0773b39e0,True,98f3daab04635326a8baf8e4ae541dc90ba9d513af85cb2dafe47e25951d982c,REWRITE,BALANCED,NOT_APPLICABLE,NOT_REQUIRED,PENDING_EXTERNAL_REVIEW,PASS,,,U-fd038779e434,U-2557530ab91f,U-c2decdbcd974,174,9,NO_CHANGE,4fc9aab744e49d2ea78e468da5fc331e4407b77ffde0e9b1b0c82ba1c61b2256,4fc9aab744e49d2ea78e468da5fc331e4407b77ffde0e9b1b0c82ba1c61b2256,,PASS,PASS,逐行复核该单元，原段落的术语、因果条件、数值范围和证据限定均有明确功能，故保留原文。,[]
U-c2decdbcd974,F00001,创新切入、高频失分与高分策略,1,561,562,2,RESEARCH,RESEARCH,,EXPLICIT,7f4919b7df6aee03bb93b0f9f20cfe5d7a5724e2297e404dcfa0980fe474cebb,5,0,0,scene-default-research,1,DEFAULT,DEFAULT,SCENE_DEFAULT,RESEARCH,18887ba292c25e48d8f9fc598e1a33fa721d1fa8795b3d78f9964af0773b39e0,True,9cdf2695e757f215c9cddb5043a674bdadd07afd7bbec1f1f37159c6678b63ef,REWRITE,BALANCED,NOT_RUN,,,,,,U-c2decdbcd974,U-fd038779e434,U-e09a9e088999,0,1,SKIPPED_PROTECTED,7d183f6728cc830b96fc174b51fd6212505784b570bfc55dca27cdd640a66533,,,NOT_RUN,NOT_RUN,,[]
U-e09a9e088999,F00001,创新切入、高频失分与高分策略 / 从基线到差异化模型,1,563,579,17,RESEARCH,RESEARCH,,EXPLICIT,7f4919b7df6aee03bb93b0f9f20cfe5d7a5724e2297e404dcfa0980fe474cebb,5,0,0,scene-default-research,1,DEFAULT,DEFAULT,SCENE_DEFAULT,RESEARCH,18887ba292c25e48d8f9fc598e1a33fa721d1fa8795b3d78f9964af0773b39e0,True,3e991d751002fda0d8f141389da35ecdd1423abd77106383ea42b4c1512332c4,REWRITE,BALANCED,NOT_APPLICABLE,NOT_REQUIRED,PENDING_EXTERNAL_REVIEW,PASS,,,U-e09a9e088999,U-c2decdbcd974,U-d8a1d5dc6324,279,17,NO_CHANGE,3f20dd52f4d61706770146e188ac94dd18efeb9c895f1992a742d6978d9862c8,3f20dd52f4d61706770146e188ac94dd18efeb9c895f1992a742d6978d9862c8,,PASS,PASS,逐行复核该单元，原段落的术语、因果条件、数值范围和证据限定均有明确功能，故保留原文。,[]
U-d8a1d5dc6324,F00001,创新切入、高频失分与高分策略 / 高频失分点,1,580,594,15,RESEARCH,RESEARCH,,EXPLICIT,7f4919b7df6aee03bb93b0f9f20cfe5d7a5724e2297e404dcfa0980fe474cebb,5,0,0,scene-default-research,1,DEFAULT,DEFAULT,SCENE_DEFAULT,RESEARCH,18887ba292c25e48d8f9fc598e1a33fa721d1fa8795b3d78f9964af0773b39e0,True,852fe53ac1257340f92b7dda6131d02c8b91c04e9e6651b0419e685752615f28,REWRITE,BALANCED,NOT_APPLICABLE,NOT_REQUIRED,PENDING_EXTERNAL_REVIEW,PASS,,,U-d8a1d5dc6324,U-e09a9e088999,U-2c14a7d3d351,223,15,NO_CHANGE,5a1467a4bdcda0b673888fb0e9f62acedfd96f625824555db73eb6942d983766,5a1467a4bdcda0b673888fb0e9f62acedfd96f625824555db73eb6942d983766,,PASS,PASS,逐行复核该单元，原段落的术语、因果条件、数值范围和证据限定均有明确功能，故保留原文。,[]
U-2c14a7d3d351,F00001,创新切入、高频失分与高分策略 / 高分写作策略与冻结节奏,1,595,607,13,RESEARCH,RESEARCH,,EXPLICIT,7f4919b7df6aee03bb93b0f9f20cfe5d7a5724e2297e404dcfa0980fe474cebb,5,0,0,scene-default-research,1,DEFAULT,DEFAULT,SCENE_DEFAULT,RESEARCH,18887ba292c25e48d8f9fc598e1a33fa721d1fa8795b3d78f9964af0773b39e0,True,cb2cf47e7028359ec91e59e8f806622af1c65cc8c84a5963f0565193fd6036a8,REWRITE,BALANCED,NOT_APPLICABLE,NOT_REQUIRED,PENDING_EXTERNAL_REVIEW,PASS,,,U-2c14a7d3d351,U-d8a1d5dc6324,U-d6755fd8f58b,255,1,NO_CHANGE,4fac80edb486235302e9377f0ddcf828fb79ad14478e833d00e1ebebcc392158,4fac80edb486235302e9377f0ddcf828fb79ad14478e833d00e1ebebcc392158,,PASS,PASS,逐行复核该单元，原段落的术语、因果条件、数值范围和证据限定均有明确功能，故保留原文。,[]
U-d6755fd8f58b,F00001,三项工具成果及迭代机制,1,608,609,2,RESEARCH,RESEARCH,,EXPLICIT,7f4919b7df6aee03bb93b0f9f20cfe5d7a5724e2297e404dcfa0980fe474cebb,5,0,0,scene-default-research,1,DEFAULT,DEFAULT,SCENE_DEFAULT,RESEARCH,18887ba292c25e48d8f9fc598e1a33fa721d1fa8795b3d78f9964af0773b39e0,True,5d0e148eca5f5d6f81f218e069036a994b5022cfd73d5ce9995fc05d1fadaa66,REWRITE,BALANCED,NOT_RUN,,,,,,U-d6755fd8f58b,U-2c14a7d3d351,U-77f2981e2ebf,0,1,SKIPPED_PROTECTED,d2f542c5098d662ee0d8f3f3431a37bd13f50852b6bac405020e800c8724dacb,,,NOT_RUN,NOT_RUN,,[]
U-77f2981e2ebf,F00001,三项工具成果及迭代机制 / 学习报告,1,610,615,6,RESEARCH,RESEARCH,,EXPLICIT,7f4919b7df6aee03bb93b0f9f20cfe5d7a5724e2297e404dcfa0980fe474cebb,5,0,0,scene-default-research,1,DEFAULT,DEFAULT,SCENE_DEFAULT,RESEARCH,18887ba292c25e48d8f9fc598e1a33fa721d1fa8795b3d78f9964af0773b39e0,True,49396143bab46b30934005745a92b2f4a591e072e8e889ee90ef3e9be3f044fb,REWRITE,BALANCED,NOT_APPLICABLE,NOT_REQUIRED,PENDING_EXTERNAL_REVIEW,PASS,,,U-77f2981e2ebf,U-d6755fd8f58b,U-dd9b62f4758a,63,3,NO_CHANGE,f0ec2e7b8e3b2ddcd36a6f75109c59fccc900411101432fa60bedcbf47d51818,f0ec2e7b8e3b2ddcd36a6f75109c59fccc900411101432fa60bedcbf47d51818,,PASS,PASS,逐行复核该单元，原段落的术语、因果条件、数值范围和证据限定均有明确功能，故保留原文。,[]
U-dd9b62f4758a,F00001,三项工具成果及迭代机制 / 双模式论文模板,1,616,630,15,RESEARCH,RESEARCH,,EXPLICIT,7f4919b7df6aee03bb93b0f9f20cfe5d7a5724e2297e404dcfa0980fe474cebb,5,0,0,scene-default-research,1,DEFAULT,DEFAULT,SCENE_DEFAULT,RESEARCH,18887ba292c25e48d8f9fc598e1a33fa721d1fa8795b3d78f9964af0773b39e0,True,75e4e7b23cf71a63ad5ad5a619aa3c188557d610d75c5fde7d9e1269a0f38ef7,REWRITE,BALANCED,NOT_APPLICABLE,NOT_REQUIRED,PENDING_EXTERNAL_REVIEW,PASS,,,U-dd9b62f4758a,U-77f2981e2ebf,U-da22e5cd0d94,220,8,NO_CHANGE,1fe916cd671d381a09876c5a12e2cd1bfe9b2e26df43bba44ba1f275ebcae518,1fe916cd671d381a09876c5a12e2cd1bfe9b2e26df43bba44ba1f275ebcae518,,PASS,PASS,逐行复核该单元，原段落的术语、因果条件、数值范围和证据限定均有明确功能，故保留原文。,[]
U-da22e5cd0d94,F00001,三项工具成果及迭代机制 / MCM-CUP-STANDARD-WRITE Skill,1,631,647,17,RESEARCH,RESEARCH,,EXPLICIT,7f4919b7df6aee03bb93b0f9f20cfe5d7a5724e2297e404dcfa0980fe474cebb,5,0,0,scene-default-research,1,DEFAULT,DEFAULT,SCENE_DEFAULT,RESEARCH,18887ba292c25e48d8f9fc598e1a33fa721d1fa8795b3d78f9964af0773b39e0,True,21ad920367a00374b73d5d7bba14dffe57d703af0100442e8038b1627e895250,REWRITE,BALANCED,NOT_APPLICABLE,NOT_REQUIRED,PENDING_EXTERNAL_REVIEW,PASS,,,U-da22e5cd0d94,U-dd9b62f4758a,U-372f3fc004fd,127,16,NO_CHANGE,31b5fbd7a12e852af08b6374ee78a242dbec059fd8fef61b47af3d58c65d6bbb,31b5fbd7a12e852af08b6374ee78a242dbec059fd8fef61b47af3d58c65d6bbb,,PASS,PASS,逐行复核该单元，原段落的术语、因果条件、数值范围和证据限定均有明确功能，故保留原文。,[]
U-372f3fc004fd,F00001,结论,1,648,673,26,RESEARCH,RESEARCH,,EXPLICIT,7f4919b7df6aee03bb93b0f9f20cfe5d7a5724e2297e404dcfa0980fe474cebb,5,0,0,scene-default-research,1,DEFAULT,DEFAULT,SCENE_DEFAULT,RESEARCH,18887ba292c25e48d8f9fc598e1a33fa721d1fa8795b3d78f9964af0773b39e0,True,d687e62f37d4f43656d07b7a11b7cd84e09df36b9a8ca9fd99ba36ee4cace595,REWRITE,BALANCED,NOT_APPLICABLE,NOT_REQUIRED,PENDING_EXTERNAL_REVIEW,PASS,,,U-372f3fc004fd,U-da22e5cd0d94,U-a630a9d346d9,282,10,NO_CHANGE,852480a89809569a04317b0d478a94f6e625928badec14ffdd8f3f20cfedfa8c,852480a89809569a04317b0d478a94f6e625928badec14ffdd8f3f20cfedfa8c,,PASS,PASS,逐行复核该单元，原段落的术语、因果条件、数值范围和证据限定均有明确功能，故保留原文。,[]
U-a630a9d346d9,F00001,算法责任与验收总表,1,674,709,36,RESEARCH,RESEARCH,,EXPLICIT,7f4919b7df6aee03bb93b0f9f20cfe5d7a5724e2297e404dcfa0980fe474cebb,5,0,0,scene-default-research,1,DEFAULT,DEFAULT,SCENE_DEFAULT,RESEARCH,18887ba292c25e48d8f9fc598e1a33fa721d1fa8795b3d78f9964af0773b39e0,True,96be6f3e4da113732b03817b149fbfc9127a33b16c3cae45a25e6fde856c7573,REWRITE,BALANCED,NOT_APPLICABLE,NOT_REQUIRED,PENDING_EXTERNAL_REVIEW,PASS,,,U-a630a9d346d9,U-372f3fc004fd,U-bad1d72593e2,660,37,NO_CHANGE,9e4019d99e45e7dce281d2394203f443b2a5b4d1e86fdb4d5b0a00dc1fc2ae96,9e4019d99e45e7dce281d2394203f443b2a5b4d1e86fdb4d5b0a00dc1fc2ae96,,PASS,PASS,逐行复核该单元，原段落的术语、因果条件、数值范围和证据限定均有明确功能，故保留原文。,[]
U-bad1d72593e2,F00001,证据文件说明,1,710,717,8,RESEARCH,RESEARCH,,EXPLICIT,7f4919b7df6aee03bb93b0f9f20cfe5d7a5724e2297e404dcfa0980fe474cebb,5,0,0,scene-default-research,1,DEFAULT,DEFAULT,SCENE_DEFAULT,RESEARCH,18887ba292c25e48d8f9fc598e1a33fa721d1fa8795b3d78f9964af0773b39e0,True,377f5f7e37c75112a9147e103b3ddbb7f0d970cd90449fbd8840110734eebff9,REWRITE,BALANCED,NOT_APPLICABLE,NOT_REQUIRED,PENDING_EXTERNAL_REVIEW,PASS,,,U-bad1d72593e2,U-a630a9d346d9,,110,3,NO_CHANGE,4cc8537f66bd8e4a540775efece8be78a4632d8e7b3b34c0f5a2a10e12138780,4cc8537f66bd8e4a540775efece8be78a4632d8e7b3b34c0f5a2a10e12138780,,PASS,PASS,逐行复核该单元，原段落的术语、因果条件、数值范围和证据限定均有明确功能，故保留原文。,[]
